trip_id,count(*)
1000-1384901,170
10000-1387521,28
10001-1387207,283
10002-1387637,222
10003-1387401,180
10005-1387542,346
10008-1387338,328
1001-1384910,210
10010-1387389,66
10011-1387454,345
10013-1387632,265
10015-1387337,329
10016-1387523,368
10019-1387551,283
1002-1384904,196
10021-1387195,101
10022-1387521,358
10024-1387592,238
10025-1387552,103
10027-1387346,299
10029-1387407,414
1003-1384934,198
10032-1387428,281
10033-1387525,171
10034-1387435,165
10036-1387526,426
10037-1387401,328
10039-1387353,313
1004-1384911,224
10041-1387531,312
10042-1387636,355
10045-1387571,229
10047-1387391,136
10048-1387396,344
10050-1387553,262
10051-1387439,30
10053-1387244,292
10055-1387637,380
10056-1387552,633
10058-1387503,17
10059-1387454,372
1006-1384916,219
10060-1387551,286
10063-1387169,295
10064-1387523,411
10065-1387443,261
10066-1387521,167
10067-1387391,378
10069-1387592,384
1007-1384910,250
10070-1387428,203
10072-1387342,215
10074-1387525,380
10075-1387585,271
10076-1387544,13
10077-1387439,225
10079-1387596,336
1008-1384934,153
10080-1387526,408
10082-1387571,287
10084-1387401,287
10085-1387429,343
10086-1387636,286
10088-1387541,78
10089-1387522,302
1009-1384913,104
10091-1387552,319
10092-1387396,216
10094-1387540,271
10097-1387350,298
10099-1387415,217
1010-1384814,53
10101-1387613,14
10102-1387249,295
10104-1387303,44
10106-1387473,251
10107-1387443,283
10108-1387448,408
10109-1387469,650
10111-1387348,304
10113-1387342,157
10114-1387541,217
10117-1387585,375
10118-1387393,50
1012-1384811,48
10120-1387622,242
10123-1387440,539
10126-1387572,301
10128-1387397,245
1013-1384817,128
10130-1387504,377
10131-1387635,5
10132-1387600,238
10134-1387527,277
10136-1387441,400
10137-1387429,265
10139-1387461,128
1014-1384816,294
10140-1387482,392
10141-1387522,356
10142-1387415,193
10145-1387339,371
10149-1387444,295
1015-1384815,372
10151-1387350,230
10152-1387393,408
10153-1387545,251
10154-1387320,318
10156-1387605,384
10157-1387474,261
10158-1387469,114
1016-1384814,369
10160-1387530,382
10161-1387461,299
10162-1387541,174
10163-1387572,343
10166-1387555,277
10167-1387416,246
10168-1387527,406
1017-1384813,245
10170-1387440,238
10171-1387614,317
10173-1387430,378
10175-1387641,416
10177-1387547,518
10178-1387600,218
1018-1384818,373
10181-1387456,343
10182-1387441,384
10185-1387482,380
10188-1387535,17
1019-1384811,347
10190-1387465,393
10191-1387352,349
10192-1387339,477
10194-1387484,264
10196-1387274,439
10198-1387605,148
10199-1387356,291
1020-1384817,371
10201-1387555,798
10203-1387329,211
10207-1387358,242
10208-1387319,336
1021-1384816,423
10210-1387614,209
10213-1387242,331
10217-1387508,311
10218-1387456,266
1022-1384815,396
10220-1387547,125
10223-1387536,285
10226-1387291,288
10228-1387554,300
10229-1387539,239
10230-1387491,230
10232-1387287,301
10233-1387251,218
10234-1387274,246
10235-1387555,297
10236-1387547,136
10237-1387329,579
10239-1387115,10
10241-1387358,334
10246-1387625,16
10247-1387242,279
1025-1384810,406
10251-1387510,233
10252-1387547,106
10255-1387421,196
10258-1387561,256
10259-1387546,330
10264-1387626,161
10266-1387381,11
10267-1387535,298
10268-1387558,232
1027-1384809,397
10270-1387446,223
10271-1387517,161
10274-1387548,163
10275-1387491,194
10277-1387513,259
10278-1387510,247
10279-1387434,256
10280-1387561,207
10281-1387421,103
10282-1387517,237
10283-1387546,185
10284-1387589,142
10286-1387625,138
10289-1387570,95
1029-1384808,411
10291-1387446,132
10292-1387548,144
10294-1387520,64
10295-1387561,61
10296-1387381,67
10298-1387517,18
10300-1387589,21
10303-1387570,34
10304-1387511,49
1031-1384807,423
10310-1387220,20
10311-1387134,23
10313-1387136,28
10314-1387220,98
10315-1387137,118
10316-1387163,252
10317-1387138,129
10318-1387134,132
10319-1387140,137
10320-1387139,166
10323-1387142,157
10324-1387141,166
10325-1387143,175
10326-1387145,138
10327-1387252,243
10328-1387136,132
10329-1387147,290
1033-1384806,415
10331-1387220,141
10332-1387148,126
10333-1387137,138
10334-1387165,144
10335-1387138,135
10336-1387134,142
10337-1387139,135
10338-1387307,238
10340-1387141,146
10341-1387143,130
10342-1387163,354
10343-1387136,139
10344-1387146,146
10345-1387220,138
10346-1387137,149
10348-1387138,151
10349-1387134,144
1035-1384805,367
10350-1387139,143
10352-1387141,165
10353-1387165,243
10354-1387159,149
10355-1387136,132
10356-1387220,149
10357-1387138,112
10358-1387139,136
10359-1387141,119
1036-1384869,449
10361-1387159,142
10362-1387220,138
10363-1387138,148
10364-1387139,137
10365-1387141,132
10366-1387159,154
10367-1387220,145
10368-1387138,130
10369-1387139,134
10370-1387141,134
10371-1387159,130
10372-1387220,145
10373-1387138,118
10375-1387187,149
10377-1387188,345
1038-1384804,414
10381-1387186,126
10383-1387206,118
10384-1387187,189
10385-1387188,351
10386-1387189,219
10387-1387149,155
10389-1387206,172
10390-1387187,133
10391-1387294,158
10392-1387188,322
10394-1387212,148
10395-1387149,317
10397-1387206,133
10398-1387187,134
10399-1387294,139
1040-1384803,542
10400-1387188,154
10401-1387150,328
10403-1387212,137
10404-1387149,324
10406-1387206,142
10407-1387187,138
10408-1387294,151
10409-1387290,61
1041-1384790,135
10410-1387188,342
10411-1387150,137
10414-1387212,153
10415-1387149,331
10416-1387151,133
10419-1387152,141
10421-1387270,235
10422-1387206,137
10424-1387153,70
10427-1387504,113
10429-1387154,116
10430-1387581,111
10432-1387522,104
10433-1387289,222
1044-1384804,377
10440-1387149,131
10441-1387151,134
10444-1387153,117
10446-1387154,111
10449-1387522,129
10451-1387549,126
10453-1387151,145
10455-1387153,105
10456-1387522,115
10457-1387549,131
10458-1387151,130
10459-1387153,115
10460-1387522,131
10461-1387549,125
10462-1387151,137
10463-1387153,131
10465-1387522,121
10466-1387151,135
10468-1387153,117
10469-1387151,119
1047-1384803,348
10470-1387153,58
10471-1387151,44
10474-1387298,273
10475-1387306,127
10476-1387297,204
10478-1387367,228
10479-1387308,28
10481-1387370,253
10482-1387129,163
10483-1387313,165
10484-1387214,170
10485-1387244,200
10486-1387165,186
10487-1387199,148
10488-1387640,182
10489-1387141,220
10490-1387578,337
10493-1387399,285
10495-1387545,234
10496-1387294,216
10497-1387516,179
10498-1387363,229
10499-1387218,164
1050-1384802,353
10500-1387516,182
10501-1387554,229
10502-1387262,210
10504-1387314,186
10505-1387512,90
10508-1387151,73
10509-1387152,80
10511-1387504,68
10512-1387154,94
10513-1387581,91
10514-1387522,84
10515-1387549,72
10517-1387168,96
10518-1387250,169
10519-1387140,134
1052-1384801,333
10520-1387209,150
10521-1387142,136
10523-1387145,166
10524-1387147,168
10525-1387168,164
10526-1387148,162
10527-1387250,238
10528-1387140,181
10529-1387209,164
10530-1387142,123
10532-1387145,69
10533-1387147,117
10534-1387168,114
10535-1387250,152
10536-1387209,118
10538-1387147,94
10539-1387373,39
10540-1387224,27
10541-1387225,33
10542-1387376,35
10543-1387226,72
10544-1387227,111
10545-1387379,206
10546-1387228,243
10547-1387367,290
10548-1387229,252
10549-1387321,267
10551-1387466,240
10552-1387224,228
10553-1387230,221
10554-1387373,163
10555-1387225,224
10556-1387231,275
10557-1387340,277
10558-1387337,291
1056-1384344,134
10560-1387232,251
10561-1387365,288
10562-1387346,369
10563-1387227,311
10564-1387234,357
10565-1387347,302
10566-1387371,369
10567-1387235,296
10568-1387228,253
10569-1387353,319
1057-1384344,96
10570-1387236,296
10571-1387323,2
10572-1387229,312
10573-1387321,201
10574-1387375,241
10575-1387438,316
10576-1387224,372
10577-1387230,208
10579-1387237,336
1058-1384344,94
10580-1387542,348
10581-1387225,229
10582-1387231,246
10583-1387338,278
10584-1387336,296
10586-1387232,249
10587-1387351,244
10589-1387340,293
1059-1384338,115
10590-1387297,481
10591-1387233,228
10592-1387365,278
10593-1387195,303
10594-1387227,195
10595-1387234,242
10596-1387347,240
10598-1387123,158
10599-1387122,202
1060-1384338,116
10600-1387236,255
10601-1387357,146
10602-1387371,290
10603-1387229,207
10606-1387531,302
10607-1387146,199
10608-1387237,249
10609-1387207,247
1061-1384882,87
10610-1387438,316
10611-1387495,326
10612-1387470,319
10613-1387338,260
10614-1387542,310
10617-1387337,237
10618-1387454,340
10619-1387492,329
1062-1384882,127
10620-1387467,651
10621-1387551,305
10622-1387523,346
10623-1387476,65
10625-1387346,283
10626-1387521,304
10627-1387499,307
10629-1387428,233
1063-1384727,75
10630-1387407,259
10631-1387501,324
10632-1387451,447
10633-1387353,254
10634-1387526,371
10635-1387640,483
10636-1387481,405
10637-1387571,349
10638-1387636,425
10639-1387495,334
1064-1384728,51
10640-1387470,348
10641-1387244,273
10642-1387396,332
10644-1387463,272
10645-1387552,306
10646-1387637,343
10647-1387492,238
10648-1387467,323
10649-1387632,272
1065-1384729,359
10650-1387454,319
10651-1387476,213
10652-1387478,315
10653-1387443,270
10654-1387523,355
10655-1387499,254
10657-1387342,398
10658-1387391,257
10659-1387501,246
1066-1384731,441
10660-1387451,249
10661-1387585,306
10662-1387525,294
10663-1387507,349
10664-1387481,276
10665-1387571,239
10666-1387596,348
10667-1387495,173
10668-1387470,551
10669-1387636,279
1067-1384732,508
10670-1387429,428
10673-1387540,258
10674-1387522,349
10675-1387494,326
10676-1387467,202
10677-1387415,331
10678-1387350,349
10679-1387496,363
1068-1384733,516
10680-1387478,282
10681-1387443,270
10682-1387303,385
10683-1387500,225
10684-1387465,333
10685-1387348,251
10687-1387502,331
10688-1387431,401
10689-1387622,384
1069-1384727,390
10690-1387541,899
10691-1387507,291
10693-1387572,387
10694-1387440,486
10695-1387410,329
10696-1387472,707
10697-1387527,321
10698-1387504,443
10699-1387486,302
10701-1387429,300
10702-1387441,506
10703-1387494,325
10706-1387482,432
10707-1387496,363
10708-1387490,411
10709-1387444,307
10710-1387339,456
10711-1387500,289
10712-1387465,285
10713-1387545,310
10714-1387393,440
10715-1387502,309
10716-1387433,359
10717-1387474,320
10718-1387605,503
10719-1387509,351
1072-1384982,508
10721-1387461,194
10722-1387530,532
10724-1387410,182
10725-1387555,326
10726-1387572,313
10727-1387472,382
10728-1387486,406
10729-1387440,381
1073-1384736,403
10730-1387527,388
10731-1387464,320
10732-1387494,330
10733-1387641,302
10736-1387496,278
10737-1387547,678
10738-1387441,325
10739-1387490,339
10740-1387500,273
10741-1387482,324
10742-1387465,359
10743-1387433,328
10744-1387509,293
10745-1387339,341
10746-1387484,297
10747-1387364,268
10749-1387274,292
1075-1384949,473
10750-1387555,321
10751-1387486,185
10752-1387483,280
10753-1387329,333
10755-1387505,268
10757-1387319,328
10758-1387609,233
10759-1387487,276
10760-1387506,246
10762-1387456,255
10763-1387433,234
10764-1387509,230
10765-1387536,287
10766-1387291,242
10767-1387364,233
10768-1387265,223
10769-1387554,259
1077-1384330,418
10770-1387274,216
10771-1387483,241
10772-1387505,325
10773-1387555,275
10775-1387487,308
10776-1387506,255
10777-1387358,250
10778-1387242,224
10779-1387418,315
10780-1387513,229
10781-1387510,355
10782-1387561,313
10783-1387483,236
10784-1387505,111
10785-1387546,284
10786-1387558,229
10787-1387487,194
10788-1387506,191
10789-1387446,338
1079-1384985,424
10790-1387491,222
10791-1387418,218
10792-1387515,236
10793-1387520,6
10794-1387561,165
10795-1387485,233
10796-1387519,200
10797-1387517,156
10798-1387589,92
10799-1387558,99
10800-1387511,83
10801-1387570,81
10802-1387548,50
10803-1387420,61
10805-1387381,32
10806-1387485,19
10807-1387519,24
10808-1387570,12
10809-1387420,12
1081-1384959,520
10810-1387225,217
10811-1387227,303
10812-1387229,301
10813-1387224,360
10814-1387225,364
10816-1387227,337
10818-1387122,404
10819-1387229,322
10820-1387495,288
10822-1387492,290
10823-1387476,277
10824-1387499,301
10825-1387501,292
10826-1387495,288
10828-1387507,245
10829-1387494,442
1083-1384989,482
10830-1387496,287
10831-1387500,290
10832-1387502,258
10837-1387500,446
10838-1387509,319
10841-1387509,226
10843-1387265,125
10844-1387506,251
10845-1387505,319
10846-1387506,268
10847-1387515,9
10848-1387519,51
10849-1387196,204
1085-1384993,552
10850-1387199,245
10851-1387200,225
10852-1387300,211
10853-1387630,198
10854-1387204,336
10855-1387205,184
10856-1387111,168
10857-1387112,337
10858-1387111,205
10859-1387112,412
10860-1387598,324
10861-1387601,293
10862-1387598,297
10863-1387601,358
10864-1387604,338
10865-1387602,361
10866-1387604,319
10867-1387602,312
10868-1387610,418
10869-1387607,284
10870-1387610,233
10872-1387612,273
10873-1387608,163
10874-1387612,42
10876-1387330,230
10877-1387384,60
10878-1387383,57
1088-1384870,506
10880-1387191,85
10881-1387266,42
10882-1387192,178
10883-1387384,235
10884-1387193,314
10885-1387383,261
10886-1387194,393
10888-1387266,347
10889-1387295,314
1089-1384964,505
10890-1387191,434
10892-1387192,342
10893-1387409,370
10895-1387193,361
10896-1387390,372
10898-1387194,329
10899-1387394,384
10902-1387398,319
10905-1387423,267
10909-1387403,10
1091-1384991,606
10910-1387245,298
10912-1387390,340
10913-1387385,262
10914-1387394,400
10916-1387398,369
10917-1387424,298
1092-1384950,511
10920-1387403,297
10921-1387269,281
10924-1387634,353
10926-1387270,277
10927-1387395,333
1093-1384972,591
10930-1387426,279
10931-1387399,396
10933-1387267,272
10934-1387402,376
10936-1387269,318
10937-1387404,445
10940-1387272,329
10941-1387414,413
10942-1387426,356
10943-1387395,462
10945-1387267,330
10946-1387408,411
10948-1387268,357
10949-1387402,387
1095-1384985,453
10950-1387404,330
10951-1387272,264
10953-1387414,332
10956-1387271,245
10957-1387412,368
10958-1387408,335
10959-1387268,272
1096-1384961,554
10964-1387422,250
10965-1387386,290
10967-1387271,459
10968-1387314,265
1097-1384989,401
10970-1387412,347
10973-1387417,343
10975-1387557,384
10979-1387460,286
10984-1387111,8
10985-1387112,43
10986-1387111,52
10987-1387112,385
10989-1387598,263
10991-1387601,371
10992-1387598,299
10993-1387601,433
10995-1387604,318
10997-1387602,290
10998-1387604,412
10999-1387602,387
11001-1387610,322
11003-1387607,344
11004-1387610,270
11006-1387608,228
11008-1387612,234
11009-1387608,267
1101-1384886,551
11010-1387612,157
11013-1387182,47
11014-1387255,68
11015-1387181,142
11016-1387132,305
11017-1387178,271
11018-1387131,459
11019-1387248,364
11020-1387129,421
11021-1387180,367
11022-1387182,745
11023-1387128,416
11025-1387181,378
11026-1387184,370
11028-1387248,565
11029-1387182,200
1103-1384966,577
11030-1387178,228
11031-1387525,242
11032-1387249,305
11033-1387439,194
11034-1387249,335
11035-1387635,353
11036-1387249,342
11037-1387349,362
11039-1387249,163
1105-1384992,541
1107-1384996,472
11073-1387133,184
11074-1387183,329
11075-1387195,333
11076-1387130,384
11077-1387255,335
11079-1387133,358
11080-1387132,351
11081-1387131,387
11083-1387256,65
11084-1387260,284
11085-1387169,292
11086-1387369,327
11087-1387170,312
11088-1387368,337
11089-1387389,356
1109-1384988,529
11091-1387169,381
11093-1387368,307
11094-1387169,417
11095-1387531,295
11096-1387169,267
11097-1387401,297
11098-1387286,352
11099-1387448,401
1110-1384987,483
11100-1387215,398
11102-1387382,400
11103-1387288,368
11105-1387287,332
11107-1387288,255
11108-1387287,271
11110-1387434,116
11112-1387216,353
1112-1384997,426
1113-1384990,497
1115-1384956,562
11161-1387196,52
11162-1387198,196
11163-1387199,195
11164-1387200,103
11165-1387300,226
11166-1387197,249
11167-1387198,270
11168-1387299,283
11169-1387302,279
11170-1387196,247
11171-1387245,271
11172-1387322,225
11174-1387442,213
11178-1387322,243
11179-1387442,210
1118-1384739,572
11182-1387413,214
11183-1387442,202
11185-1387628,215
11186-1387413,209
11188-1387630,216
11189-1387628,263
1119-1384966,541
11191-1387580,223
11192-1387630,246
11193-1387628,289
11195-1387473,261
11197-1387275,236
1120-1384992,454
11200-1387205,198
11204-1387631,153
11206-1387201,217
11208-1387205,212
11209-1387201,210
1122-1384738,743
1123-1384730,410
1124-1384997,382
1126-1384734,395
1128-1384906,492
1129-1384739,394
1131-1384924,506
1133-1384999,370
1137-1384907,359
1138-1385002,442
1139-1384924,342
1140-1384999,214
1141-1384998,106
1142-1384907,65
1143-1385002,63
1144-1384867,37
1163-1384769,24
1164-1384765,29
1165-1384764,23
1167-1384925,33
1168-1384765,82
1169-1384770,150
1170-1384766,240
1171-1384764,246
1172-1384767,236
1173-1384925,262
1174-1384765,263
1175-1384770,253
1176-1384766,261
1177-1384764,262
1178-1384927,229
1180-1384925,248
1181-1384767,212
1182-1384770,239
1184-1384766,232
1186-1384962,202
1188-1384929,224
1190-1384965,215
1192-1384968,216
1194-1384970,360
1195-1384973,198
1196-1384962,240
1197-1384929,253
1198-1384965,235
1199-1384968,250
1200-1384970,239
1201-1384973,256
1202-1384962,252
1204-1384929,232
1205-1384978,218
1206-1384968,243
1208-1384970,255
1210-1384975,196
1212-1384963,207
1213-1384967,241
1215-1384978,236
1217-1384969,192
1218-1384974,218
1219-1384975,259
1220-1384768,224
1221-1384963,234
1223-1384967,257
1224-1384979,239
1225-1384969,257
1226-1384974,196
1227-1384976,230
1229-1384768,218
1230-1384963,222
1231-1384967,206
1232-1384979,233
1233-1384969,274
1234-1384974,220
1236-1384976,237
1239-1384873,143
1241-1384979,232
1243-1384976,209
1244-1384873,204
1246-1384980,110
1248-1384981,205
1250-1384874,215
1252-1384923,121
1253-1384981,212
1255-1384935,215
1256-1384923,217
1257-1384981,137
1258-1384935,101
1262-1384728,52
1263-1384731,61
1264-1384733,194
1266-1384736,461
1267-1384731,434
1268-1384733,492
1270-1384982,459
1271-1384949,453
1272-1384985,580
1273-1384989,587
1274-1384870,420
1275-1384738,525
1276-1384730,594
1277-1384734,507
1278-1384739,465
1279-1384851,291
1280-1384850,104
1281-1384852,368
1282-1384853,327
1283-1384854,344
1284-1384851,500
1285-1384850,145
1286-1384855,488
1287-1384856,499
1288-1384857,280
1289-1384852,337
1290-1384853,352
1291-1384854,303
1292-1384858,370
1293-1385004,376
1296-1385005,483
1297-1384856,360
1299-1385011,490
1300-1385007,271
1302-1385009,557
1304-1385013,104
1306-1385004,556
1308-1385006,661
1309-1385005,555
1310-1385007,369
1311-1385011,420
1312-1385013,469
1313-1385009,416
1316-1384902,450
1318-1384994,401
1322-1385012,406
1324-1385014,544
1328-1384872,547
1330-1384859,326
1331-1384860,445
1332-1384903,439
1334-1384995,449
1336-1384861,461
1338-1385012,331
1339-1384862,381
1340-1385001,464
1342-1385014,574
1343-1384859,343
1344-1384872,300
1345-1385003,415
1347-1384903,525
1348-1384995,307
1349-1384861,357
1350-1385015,494
1352-1385001,305
1353-1384864,374
1355-1385003,300
1356-1385016,312
1358-1385017,332
1360-1384864,342
1361-1384863,304
1362-1385016,367
1363-1385017,415
1364-1384865,449
1366-1385000,421
1368-1385016,198
1369-1385017,71
1371-1385000,19
1372-1384341,49
1373-1384702,34
1374-1384341,166
1375-1384706,151
1376-1384707,190
1377-1384346,268
1379-1384708,208
1380-1384656,589
1381-1384702,199
1382-1384341,283
1383-1384703,168
1384-1384709,159
1386-1384659,643
1387-1384346,261
1388-1384706,196
1389-1384707,168
1391-1384651,635
1392-1384708,180
1393-1384341,327
1394-1384702,191
1396-1384703,155
1397-1384346,274
1398-1384709,133
1400-1384721,236
1402-1384707,161
1403-1384650,709
1404-1384341,222
1406-1384722,218
1408-1384918,199
1410-1384346,274
1411-1384720,217
1414-1384660,586
1417-1384891,159
1420-1384917,307
1421-1384918,241
1423-1384661,712
1425-1384942,202
1426-1384891,187
1428-1384917,370
1429-1384662,601
1430-1384918,217
1431-1384942,203
1433-1384663,654
1434-1384917,328
1435-1384891,183
1436-1384918,231
1438-1384664,690
1440-1384917,235
1441-1384943,165
1443-1384885,201
1449-1384919,242
1450-1384943,220
1452-1384667,714
1453-1384704,54
1454-1384885,191
1455-1384919,380
1456-1384705,215
1458-1384668,665
1460-1384701,215
1461-1384710,164
1462-1384723,209
1463-1384669,662
1464-1384711,212
1465-1384919,302
1467-1384704,208
1468-1384762,568
1469-1384885,207
1470-1384701,130
1472-1384705,210
1473-1384724,188
1475-1384919,291
1477-1384710,240
1478-1384723,218
1479-1384826,484
1480-1384711,249
1481-1384701,44
1483-1384704,182
1485-1384796,486
1486-1384919,228
1487-1384705,207
1490-1384795,393
1491-1384710,226
1493-1384711,223
1494-1384921,308
1496-1384671,547
1497-1384719,223
1498-1384726,252
1499-1384921,218
1501-1384672,594
1502-1384763,243
1503-1384719,167
1505-1384726,241
1506-1384933,306
1507-1384796,448
1509-1384912,177
1511-1384878,207
1512-1384933,205
1513-1384725,145
1514-1384671,496
1515-1384912,183
1517-1384878,194
1518-1384672,235
1519-1384725,136
1520-1384912,80
1521-1384725,41
1522-1384690,64
1523-1384691,164
1524-1384698,230
1525-1384697,94
1526-1384700,504
1527-1384688,367
1528-1384690,327
1529-1384689,405
1530-1384691,381
1531-1384695,467
1532-1384698,3
1533-1384697,319
1534-1384688,336
1536-1384940,315
1538-1384754,256
1540-1384939,391
1541-1384944,358
1542-1384947,376
1543-1384937,333
1544-1384939,299
1545-1384944,299
1546-1384947,286
1547-1384938,266
1548-1384941,341
1549-1384945,332
1550-1384696,327
1551-1384948,388
1552-1384951,343
1553-1384941,292
1554-1384954,321
1555-1384696,309
1556-1384948,245
1557-1384951,375
1563-1384920,370
1566-1384920,277
1567-1384957,353
1568-1384915,319
1596-1384818,94
1597-1384819,138
1598-1384820,147
1599-1384821,215
1600-1384822,115
1601-1384833,156
1602-1384824,166
1603-1384771,184
1605-1384774,261
1606-1384775,279
1607-1384776,274
1608-1384777,319
1609-1384779,284
1610-1384780,302
1611-1384781,365
1612-1384782,343
1613-1384783,121
1614-1384772,224
1615-1384785,347
1616-1384774,193
1617-1384775,183
1618-1384777,213
1619-1384779,211
1621-1384771,205
1622-1384699,182
1623-1384785,184
1624-1384887,439
1625-1384893,300
1626-1384895,351
1627-1384883,324
1628-1384983,340
1629-1384887,344
1630-1384893,377
1631-1384890,548
1633-1384983,204
1634-1384946,224
1636-1384890,203
1637-1384895,211
1638-1384884,562
1639-1384905,286
1640-1384888,270
1641-1384788,301
1642-1384894,231
1643-1384892,232
1644-1384896,330
1645-1384790,241
1646-1384926,343
1647-1384791,329
1648-1384792,381
1649-1384876,376
1650-1384888,378
1651-1384788,290
1652-1384914,284
1653-1384900,304
1654-1384789,422
1655-1384791,210
1656-1384884,233
1658-1384876,565
1659-1384788,198
1660-1384914,274
1661-1384900,305
1662-1384896,181
1663-1384791,383
1664-1384798,252
1665-1384876,199
1666-1384900,231
1667-1384798,190
1668-1384911,462
1669-1384916,389
1670-1384910,274
1671-1384934,278
1673-1384910,106
1674-1384702,30
1675-1384706,34
1676-1384707,32
1677-1384708,78
1678-1384702,148
1679-1384648,85
1680-1384703,269
1681-1384709,259
1682-1384706,258
1683-1384707,274
1684-1384708,295
1685-1384648,139
1686-1384702,216
1687-1384703,254
1688-1384709,241
1689-1384721,218
1690-1384706,202
1691-1384648,160
1693-1384722,195
1694-1384708,219
1696-1384720,215
1697-1384703,176
1700-1384721,130
1701-1384707,346
1702-1384722,163
1703-1384918,207
1704-1384720,141
1705-1384891,285
1706-1384918,184
1707-1384942,262
1708-1384891,216
1709-1384918,202
1710-1384942,119
1711-1384891,168
1712-1384918,162
1713-1384943,196
1714-1384885,296
1716-1384723,306
1718-1384704,281
1719-1384885,249
1720-1384705,252
1721-1384347,124
1722-1384724,277
1724-1384710,286
1725-1384723,254
1726-1384711,240
1727-1384347,276
1728-1384704,164
1729-1384885,141
1730-1384705,248
1732-1384710,163
1734-1384347,100
1735-1384711,271
1737-1384719,205
1740-1384726,151
1742-1384763,221
1744-1384719,223
1745-1384726,174
1746-1384763,172
1747-1384719,151
1748-1384725,234
1750-1384912,270
1751-1384878,229
1752-1384725,241
1753-1384912,202
1755-1384725,78
1758-1384712,16
1759-1384713,30
1760-1384714,111
1761-1384716,109
1762-1384712,20
1763-1384713,108
1764-1384714,114
1765-1384716,5
1766-1384712,57
1767-1384713,20
1768-1384714,134
1769-1384716,123
1770-1384712,122
1772-1384714,110
1773-1384716,111
1775-1384713,108
1776-1384714,133
1801-1384673,296
1803-1384674,281
1805-1384675,322
1807-1384676,250
1809-1384677,204
1811-1384678,286
1813-1384679,273
1837-1384334,308
1838-1384335,297
1839-1384336,286
1840-1384740,306
1841-1384337,361
1842-1384334,276
1843-1384335,293
1845-1384740,41
1846-1384334,187
1847-1384991,352
1848-1384972,389
1849-1384961,405
1851-1384966,531
1858-1384738,399
1859-1384906,349
1860-1384924,367
1861-1384998,17
1862-1385002,183
1866-1384727,49
1867-1384729,48
1868-1384732,72
1869-1384727,308
1871-1384982,506
1872-1384729,514
1873-1384732,447
1875-1384820,428
1878-1384991,534
1880-1384972,489
1881-1384959,414
1882-1384993,388
1883-1384964,420
1884-1384950,458
1886-1384987,413
1888-1384990,448
1889-1384886,425
1890-1384992,605
1891-1384988,506
1892-1384997,613
1893-1384956,435
1896-1384922,318
1898-1384734,404
1900-1385002,428
1901-1384999,504
1902-1384907,341
1904-1384867,82
1905-1384998,34
1907-1384652,482
1909-1384654,846
1910-1384655,482
1911-1384657,545
1913-1384656,464
1914-1384659,436
1915-1384651,500
1916-1384650,516
1917-1384660,559
1918-1384661,421
1919-1384662,829
1920-1384663,479
1921-1384666,489
1922-1384664,568
1923-1384665,541
1924-1384667,447
1925-1384668,437
1926-1384669,449
1930-1384796,497
1932-1384671,476
1933-1384672,463
1947-1384690,302
1948-1384691,317
1949-1384698,358
1950-1384697,349
1952-1384688,296
1955-1384689,256
1956-1384691,246
1957-1384754,301
1959-1384695,290
1961-1384939,333
1963-1384944,316
1965-1384947,362
1967-1384937,369
1968-1384939,282
1969-1384944,346
1970-1384947,322
1972-1384938,352
1974-1384941,348
1976-1384945,314
1978-1384948,364
1980-1384951,389
1981-1384941,369
1983-1384954,347
1984-1384696,300
1985-1384948,387
1986-1384951,336
1987-1384987,322
1991-1384954,380
1993-1384920,299
1995-1384862,338
1996-1384951,252
1998-1384920,259
2000-1384957,384
2002-1384915,365
2003-1384957,211
2004-1384915,74
2005-1384848,13
2006-1384848,79
2007-1384848,114
2008-1384848,92
2009-1384848,107
2011-1384849,92
2012-1384849,84
2013-1384849,86
2014-1384849,90
2015-1384849,33
2016-1384849,90
2018-1384330,208
2019-1384331,248
2020-1384332,453
2021-1384333,185
2023-1384699,27
2024-1384330,324
2025-1384331,9
2026-1384332,301
2027-1384333,220
2028-1384652,201
2114-1384832,203
2115-1384834,203
2116-1384835,256
2117-1384836,189
2118-1384837,172
2119-1384838,213
2120-1384839,181
2121-1384840,210
2122-1384841,236
2123-1384842,228
2124-1384843,166
2127-1384847,156
2128-1384846,142
2129-1384847,218
2131-1384866,176
2133-1384879,144
2134-1384866,216
2135-1384879,137
2137-1384909,68
2846-1386392,129
2847-1386546,304
2848-1386393,224
2849-1386547,285
2850-1386388,184
2851-1386397,403
2852-1386548,320
2853-1386401,338
2854-1386389,130
2856-1386404,266
2857-1386549,207
2858-1386409,277
2859-1386388,157
2860-1386546,203
2861-1386685,359
2862-1386547,320
2863-1386393,238
2864-1386389,155
2865-1386548,191
2866-1386397,234
2868-1386388,153
2869-1386401,260
2870-1386546,189
2871-1386620,364
2872-1386547,176
2873-1386685,271
2874-1386388,161
2875-1386711,235
2876-1386684,418
2877-1386587,254
2878-1386687,393
2879-1386702,138
2880-1386656,262
2881-1386620,270
2882-1386711,295
2883-1386693,327
2884-1386587,221
2885-1386702,155
2886-1386684,228
2887-1386656,201
2888-1386687,246
2889-1386711,223
2890-1386692,294
2891-1386702,140
2892-1386589,242
2893-1386693,282
2894-1386657,293
2895-1386686,277
2896-1386642,184
2897-1386715,226
2898-1386689,369
2899-1386390,174
2900-1386589,226
2901-1386699,468
2902-1386550,271
2903-1386391,374
2904-1386642,116
2905-1386657,290
2906-1386694,303
2907-1386551,278
2908-1386686,302
2909-1386390,211
2910-1386719,311
2911-1386395,347
2913-1386643,295
2914-1386689,337
2915-1386550,160
2916-1386400,336
2917-1386390,133
2918-1386657,239
2919-1386699,271
2920-1386551,184
2921-1386631,275
2922-1386643,144
2923-1386719,323
2924-1386696,400
2925-1386390,40
2927-1386717,241
2928-1386643,272
2929-1386400,202
2930-1386719,204
2932-1386696,236
2933-1386643,127
2934-1386717,199
2935-1386720,276
2936-1386701,419
2937-1386705,140
2938-1386650,280
2939-1386718,277
2940-1386698,424
2941-1386720,304
2942-1386705,206
2943-1386650,180
2944-1386701,194
2945-1386718,90
2946-1386705,77
2947-1386720,56
2948-1386698,50
2949-1386423,324
2950-1386424,393
2951-1386440,215
2952-1386442,245
2953-1386425,440
2954-1386443,323
2955-1386446,262
2956-1386447,282
2957-1386426,251
2958-1386463,200
2959-1386449,239
2960-1386454,180
2961-1386423,218
2962-1386453,265
2963-1386457,348
2964-1386440,230
2965-1386424,258
2966-1386459,159
2967-1386660,476
2968-1386460,182
2970-1386425,273
2972-1386640,221
2973-1386454,305
2974-1386447,57
2975-1386662,306
2976-1386457,156
2977-1386453,252
2978-1386654,228
2979-1386460,171
2980-1386456,247
2981-1386454,150
2982-1386652,219
2983-1386690,189
2984-1386627,195
2985-1386615,228
2986-1386713,266
2987-1386439,189
2988-1386655,260
2989-1386653,220
2990-1386451,183
2991-1386618,268
2992-1386616,230
2994-1386661,287
2995-1386595,285
2996-1386618,301
2997-1386462,386
2999-1386428,299
3000-1386666,346
3001-1386441,288
3002-1386427,269
3003-1386444,329
3004-1386595,270
3005-1386458,358
3006-1386618,298
3007-1386450,418
3008-1386462,256
3009-1386605,296
3010-1386428,351
3011-1386630,517
3012-1386455,314
3015-1386429,498
3016-1386461,259
3017-1386464,220
3018-1386636,283
3019-1386458,391
3020-1386444,182
3021-1386428,192
3022-1386450,414
3023-1386666,80
3024-1386622,246
3025-1386429,192
3026-1386458,121
3027-1386450,186
3028-1386452,170
3030-1386445,151
3031-1386452,215
3032-1386502,41
3033-1386508,55
3034-1386511,62
3035-1386517,186
3036-1386519,129
3037-1386524,287
3038-1386502,184
3039-1386511,730
3040-1386508,214
3043-1386503,253
3044-1386502,225
3045-1386524,324
3049-1386688,268
3050-1386503,241
3052-1386581,305
3054-1386524,230
3057-1386583,274
3060-1386637,194
3061-1386706,295
3063-1386617,190
3064-1386581,199
3066-1386712,336
3068-1386509,235
3069-1386583,180
3072-1386610,210
3073-1386714,269
3079-1386556,299
3082-1386675,186
3083-1386584,205
3086-1386585,188
3087-1386520,275
3089-1386675,224
3090-1386525,301
3091-1386584,248
3092-1386556,264
3093-1386585,240
3096-1386553,135
3098-1386584,237
3099-1386525,269
3100-1386585,168
3102-1386556,195
3104-1386555,257
3106-1386585,241
3111-1386575,191
3112-1386575,187
3114-1386504,193
3115-1386507,233
3116-1386510,196
3117-1386515,329
3118-1386516,229
3119-1386521,207
3120-1386504,193
3121-1386507,215
3122-1386528,232
3123-1386510,205
3124-1386515,211
3125-1386529,232
3126-1386516,232
3127-1386507,209
3128-1386528,184
3129-1386510,187
3130-1386613,198
3131-1386606,199
3132-1386601,202
3133-1386604,219
3134-1386613,190
3135-1386606,207
3136-1386614,204
3137-1386609,246
3138-1386624,199
3139-1386610,167
3140-1386626,205
3141-1386609,460
3142-1386624,249
3145-1386663,192
3146-1386626,194
3147-1386624,211
3149-1386663,205
3150-1386625,144
3151-1386573,220
3152-1386721,221
3153-1386574,65
3154-1386431,255
3155-1386432,253
3156-1386431,273
3157-1386432,256
3158-1386431,305
3159-1386432,195
3160-1386431,668
3161-1386726,276
3162-1386590,296
3163-1386726,205
3164-1386590,189
3165-1386680,177
3166-1386591,196
3167-1386681,264
3168-1386591,186
3169-1386681,283
3170-1386433,295
3171-1386681,152
3172-1386433,314
3173-1386682,263
3175-1386682,190
3176-1386667,267
3177-1386667,170
3178-1386651,88
3180-1386423,31
3181-1386424,90
3182-1386425,236
3183-1386426,255
3184-1386423,255
3185-1386424,302
3186-1386425,252
3190-1386654,252
3192-1386652,201
3194-1386615,191
3196-1386655,214
3198-1386618,195
3200-1386661,179
3201-1386618,242
3202-1386428,207
3204-1386427,219
3205-1386618,214
3206-1386428,260
3210-1386428,207
3211-1386429,184
3214-1386392,43
3215-1386393,72
3216-1386397,194
3217-1386401,305
3218-1386404,320
3219-1386409,342
3221-1386685,332
3222-1386393,445
3223-1386397,32
3224-1386401,343
3227-1386620,380
3228-1386685,360
3231-1386684,356
3233-1386687,335
3234-1386620,335
3236-1386693,323
3237-1386684,311
3238-1386687,298
3240-1386692,321
3241-1386693,305
3243-1386686,325
3245-1386689,367
3247-1386699,328
3249-1386391,398
3250-1386694,826
3252-1386395,358
3253-1386689,394
3254-1386400,499
3256-1386699,414
3258-1386631,416
3260-1386696,402
3263-1386400,288
3266-1386696,334
3268-1386701,295
3270-1386698,299
3271-1386701,275
3272-1386698,183
3275-1386530,48
3276-1386531,39
3277-1386532,47
3278-1386533,179
3279-1386530,316
3280-1386534,40
3281-1386531,288
3284-1386536,315
3285-1386537,325
3286-1386533,261
3287-1386538,319
3288-1386530,239
3289-1386534,343
3290-1386531,255
3293-1386536,241
3294-1386537,207
3295-1386538,292
3296-1386534,245
3297-1386671,245
3298-1386554,153
3299-1386671,217
3300-1386554,178
3301-1386674,300
3302-1386554,184
3303-1386674,470
3304-1386673,404
3305-1386676,273
3306-1386552,296
3307-1386539,334
3308-1386673,355
3309-1386676,377
3311-1386540,335
3313-1386539,253
3317-1386544,246
3320-1386679,320
3321-1386544,277
3323-1386544,252
3324-1386635,343
3326-1386506,48
3328-1386523,263
3329-1386526,345
3330-1386506,362
3332-1386523,331
3333-1386526,345
3335-1386588,313
3338-1386592,264
3341-1386677,319
3342-1386592,341
3344-1386664,327
3346-1386594,300
3348-1386598,322
3349-1386594,304
3350-1386598,385
3352-1386597,246
3354-1386599,305
3355-1386597,292
3357-1386678,317
3361-1386376,381
3362-1386377,428
3363-1386378,249
3364-1386379,255
3367-1386376,376
3370-1386669,353
3372-1386380,380
3374-1386381,402
3376-1386382,399
3378-1386383,392
3379-1386384,445
3380-1386382,154
3381-1386385,703
3383-1386386,437
3384-1386633,488
3385-1386384,498
3387-1386441,386
3393-1386479,38
3394-1386480,36
3395-1386481,120
3396-1386482,184
3397-1386483,225
3398-1386484,262
3399-1386479,236
3400-1386485,208
3401-1386480,222
3402-1386486,279
3403-1386481,234
3404-1386482,237
3405-1386484,227
3406-1386479,309
3407-1386485,218
3408-1386487,257
3409-1386488,242
3410-1386489,254
3411-1386491,266
3413-1386487,262
3415-1386492,315
3418-1386489,326
3424-1386504,41
3425-1386507,22
3426-1386510,156
3427-1386515,130
3428-1386516,215
3429-1386521,181
3430-1386504,157
3431-1386507,163
3432-1386528,168
3433-1386510,232
3434-1386515,151
3435-1386529,259
3436-1386516,234
3437-1386521,230
3438-1386504,174
3439-1386507,169
3440-1386528,347
3441-1386510,267
3443-1386529,156
3444-1386516,234
3445-1386507,141
3446-1386528,165
3447-1386510,135
3448-1386613,3
3449-1386606,151
3450-1386601,170
3451-1386604,279
3452-1386613,194
3453-1386606,165
3454-1386601,172
3455-1386604,158
3456-1386613,174
3457-1386606,183
3458-1386670,175
3459-1386691,193
3460-1386614,195
3461-1386608,187
3462-1386609,247
3463-1386624,213
3464-1386614,211
3465-1386505,209
3466-1386626,215
3467-1386609,213
3468-1386624,257
3469-1386610,222
3470-1386527,208
3472-1386663,255
3473-1386512,195
3474-1386626,230
3475-1386609,190
3476-1386624,211
3477-1386610,190
3479-1386663,313
3480-1386626,168
3481-1386624,138
3483-1386663,159
3484-1386625,160
3485-1386573,321
3486-1386721,179
3487-1386625,138
3488-1386573,147
3489-1386721,129
3490-1386574,116
3491-1386574,23
3492-1386396,280
3493-1386398,214
3495-1386405,245
3496-1386402,303
3498-1386376,353
3499-1386406,279
3503-1386377,387
3505-1386456,318
3507-1386378,336
3508-1386417,294
3510-1386396,270
3512-1386379,329
3513-1386402,293
3514-1386716,288
3515-1386376,325
3516-1386419,306
3517-1386669,305
3518-1386558,302
3519-1386563,307
3520-1386380,336
3521-1386603,329
3522-1386381,338
3524-1386382,433
3525-1386564,312
3526-1386414,354
3527-1386383,407
3528-1386605,337
3529-1386629,351
3530-1386430,326
3531-1386384,442
3532-1386399,357
3533-1386394,302
3534-1386382,460
3535-1386420,369
3536-1386649,413
3537-1386499,322
3538-1386703,393
3539-1386385,456
3540-1386412,293
3541-1386418,331
3542-1386567,293
3543-1386386,392
3544-1386421,284
3545-1386403,276
3546-1386422,274
3547-1386633,371
3548-1386646,430
3549-1386430,228
3550-1386399,216
3551-1386394,277
3552-1386384,365
3553-1386420,232
3554-1386649,250
3555-1386441,316
3556-1386421,265
3557-1386646,251
3558-1386632,266
3559-1386421,242
3560-1386648,238
3562-1386530,37
3563-1386531,138
3564-1386532,242
3565-1386533,218
3566-1386434,316
3567-1386530,188
3568-1386431,217
3569-1386534,12
3570-1386435,334
3571-1386531,202
3574-1386436,306
3575-1386432,223
3576-1386536,189
3578-1386537,183
3579-1386437,330
3581-1386431,208
3582-1386538,241
3585-1386639,302
3586-1386534,211
3590-1386432,209
3592-1386658,339
3593-1386671,185
3597-1386707,336
3598-1386431,164
3599-1386554,47
3603-1386708,325
3604-1386726,159
3606-1386671,230
3607-1386641,302
3610-1386590,224
3611-1386600,342
3612-1386554,170
3614-1386707,295
3615-1386726,202
3616-1386674,178
3617-1386708,335
3618-1386590,182
3620-1386554,199
3621-1386672,354
3624-1386680,209
3625-1386602,352
3626-1386674,178
3630-1386645,303
3631-1386591,242
3632-1386673,236
3635-1386709,289
3636-1386681,243
3639-1386676,249
3640-1386710,243
3641-1386552,178
3643-1386591,247
3644-1386665,362
3645-1386539,227
3647-1386673,219
3648-1386681,183
3649-1386438,350
3650-1386676,221
3652-1386647,406
3653-1386552,228
3654-1386433,237
3655-1386540,450
3656-1386541,240
3657-1386709,398
3659-1386539,236
3660-1386542,265
3661-1386681,200
3662-1386543,2
3663-1386710,447
3665-1386673,288
3666-1386544,269
3667-1386676,213
3668-1386433,166
3669-1386665,369
367-1384769,24
3670-1386540,185
3673-1386679,197
3674-1386438,335
3675-1386682,159
3677-1386647,330
3678-1386544,192
368-1384765,34
3680-1386433,159
3681-1386659,301
3682-1386679,166
3683-1386682,214
3684-1386611,335
3686-1386544,233
3688-1386668,340
369-1384764,29
3691-1386667,162
3692-1386557,283
3695-1386635,189
3696-1386612,782
3697-1386667,189
3699-1386557,255
370-1384832,218
3700-1386635,166
3702-1386651,52
3703-1386651,17
3704-1386465,101
3705-1386479,208
3706-1386466,102
3707-1386467,101
3708-1386480,310
371-1384925,220
3710-1386469,187
3711-1386470,181
3712-1386481,346
3713-1386471,185
3714-1386472,190
3715-1386482,342
3716-1386465,167
3718-1386466,176
3719-1386467,182
372-1384765,230
3720-1386484,300
3722-1386479,280
3723-1386469,191
3724-1386470,208
3725-1386485,331
3726-1386471,214
3728-1386472,181
3729-1386465,167
373-1384833,188
3731-1386466,138
3733-1386467,186
3736-1386469,184
3737-1386470,136
3739-1386471,135
374-1384773,238
3740-1386472,186
3742-1386465,119
3744-1386607,195
3745-1386467,117
3746-1386593,136
3747-1386469,154
3748-1386472,272
3749-1386607,132
375-1384770,221
3750-1386469,153
3751-1386472,141
3752-1386724,180
3753-1386722,171
3754-1386568,210
3755-1386724,181
3756-1386722,229
3757-1386568,209
3758-1386724,178
3759-1386722,156
376-1384766,256
3760-1386568,138
3761-1386724,142
3762-1386723,205
3763-1386569,199
3764-1386487,263
3765-1386473,176
3766-1386725,190
3767-1386488,324
3769-1386723,166
377-1384834,266
3770-1386475,276
3771-1386489,334
3772-1386476,300
3773-1386569,227
3774-1386491,288
3775-1386477,251
3776-1386473,257
3777-1386725,276
3778-1386487,377
378-1384778,251
3780-1386700,236
3782-1386478,238
3783-1386492,301
3784-1386475,307
3785-1386488,882
3786-1386476,274
3788-1386569,236
3789-1386477,309
379-1384764,176
3790-1386489,275
3791-1386473,255
3792-1386494,302
3793-1386725,229
3794-1386491,283
3796-1386495,328
3797-1386700,192
3798-1386478,217
3799-1386487,219
380-1384771,378
3800-1386475,113
3801-1386476,159
3802-1386569,168
3803-1386492,261
3804-1386477,148
3805-1386695,187
3806-1386725,108
3808-1386489,201
3809-1386700,138
381-1384767,407
3810-1386478,149
3811-1386727,256
3812-1386695,191
3814-1386727,203
3815-1386695,161
3817-1386727,162
3818-1386577,207
3819-1386580,200
382-1384832,226
3820-1386586,207
3821-1386577,184
3822-1386580,200
3823-1386586,143
3824-1386577,131
3825-1386580,108
3826-1386440,72
3827-1386442,171
3828-1386443,223
3829-1386446,304
383-1384925,220
3830-1386447,203
3831-1386449,292
3832-1386453,379
3834-1386440,355
3835-1386660,387
3837-1386443,146
3838-1386640,347
384-1384784,446
3840-1386447,323
3841-1386662,267
3843-1386453,248
3845-1386456,261
385-1384765,181
3850-1386690,199
3853-1386713,204
3855-1386653,249
3857-1386616,230
3859-1386595,236
386-1384835,158
3862-1386441,218
3863-1386444,272
3864-1386595,303
3865-1386450,286
3866-1386605,377
3867-1386455,382
387-1384786,435
3870-1386461,316
3872-1386636,260
3873-1386444,302
3875-1386450,254
3878-1386622,226
388-1384770,204
3882-1386450,214
3886-1386452,247
3889-1386497,163
389-1384776,198
3890-1386502,171
3891-1386496,268
3892-1386506,212
3893-1386511,143
3894-1386508,283
3895-1386498,380
3897-1386519,135
3898-1386517,242
3899-1386500,352
390-1384766,253
3900-1386523,272
3901-1386502,327
3902-1386524,234
3903-1386497,391
3904-1386526,380
3905-1386508,171
3906-1386511,218
3907-1386496,319
3908-1386506,274
3909-1386503,291
391-1384834,211
3910-1386519,243
3911-1386498,282
3913-1386502,160
3914-1386500,275
3915-1386524,365
3916-1386523,255
3917-1386497,244
3918-1386526,258
3919-1386503,147
392-1384764,173
3920-1386688,300
3922-1386588,235
3923-1386561,397
3924-1386524,131
3926-1386581,420
3927-1386592,292
3928-1386565,376
3929-1386637,143
393-1384780,210
3931-1386583,241
3932-1386677,265
3933-1386561,235
3934-1386581,136
3935-1386617,152
3936-1386706,263
3937-1386592,272
3939-1386583,123
394-1384927,223
3940-1386509,167
3941-1386712,232
3942-1386664,248
3943-1386562,313
3944-1386610,170
3946-1386714,551
3947-1386499,250
3948-1386594,289
395-1384836,289
3950-1386567,287
3951-1386675,162
3952-1386556,402
3953-1386584,202
3954-1386501,382
3955-1386598,327
3957-1386585,177
3958-1386571,355
396-1384782,216
3960-1386520,288
3961-1386675,180
3964-1386525,337
3965-1386584,201
3966-1386579,710
3967-1386585,196
3968-1386556,356
397-1384925,212
3970-1386501,277
3971-1386598,271
3972-1386553,251
3974-1386584,175
3975-1386585,147
3976-1386576,205
3977-1386525,192
3978-1386556,146
3979-1386579,237
3980-1386597,224
3981-1386570,265
3982-1386555,295
3983-1386585,149
3984-1386599,247
3985-1386578,234
3987-1386597,229
3988-1386572,233
399-1384767,132
3990-1386678,241
3991-1386683,457
3992-1386704,136
3994-1386496,47
3995-1386498,100
3996-1386500,264
3997-1386497,294
3998-1386496,325
3999-1386498,321
400-1384835,213
4000-1386500,337
4001-1386497,328
4005-1386561,273
4008-1386565,290
401-1384770,167
4010-1386561,285
4011-1386565,68
4013-1386562,353
4014-1386499,326
4016-1386567,275
4017-1386501,339
4019-1386571,310
402-1384784,240
4021-1386576,160
4023-1386579,307
4024-1386501,286
4025-1386571,307
4027-1386579,509
4029-1386570,322
403-1384766,188
4032-1386578,269
4035-1386572,279
4037-1386683,292
4039-1386704,202
404-1384837,304
4040-1386683,210
4042-1386396,177
4043-1386398,225
4044-1386402,317
4045-1386405,251
4046-1386406,401
4047-1386407,299
4048-1386410,234
405-1384786,243
4050-1386413,301
4051-1386456,347
4052-1386415,255
4053-1386419,312
4054-1386417,342
4055-1386398,276
4056-1386396,339
4057-1386405,296
4058-1386402,354
406-1384962,190
4061-1386716,442
4064-1386419,314
4067-1386558,325
4069-1386563,328
407-1384929,239
4071-1386603,364
4075-1386564,336
4077-1386414,365
4078-1386605,379
408-1384836,214
4080-1386629,324
4081-1386430,355
4083-1386399,338
4084-1386649,348
4086-1386703,329
4088-1386418,363
409-1384898,303
4090-1386403,432
4091-1386646,372
4092-1386430,325
4093-1386394,361
4094-1386399,307
4096-1386420,384
4098-1386649,386
410-1384965,259
4102-1386421,288
4108-1386646,310
411-1384968,229
4111-1386632,293
4112-1386421,279
4114-1386648,273
412-1384838,222
4120-1386463,245
4121-1386454,269
4122-1386457,257
4123-1386459,347
4124-1386460,428
4125-1386463,261
4126-1386454,409
4128-1386457,162
413-1384946,350
4130-1386460,214
4131-1386454,189
4134-1386627,178
4136-1386439,222
4138-1386451,178
414-1384970,256
4142-1386462,206
4144-1386666,174
4145-1386458,179
4146-1386462,199
4147-1386630,231
4148-1386666,167
4149-1386464,229
415-1384973,190
4151-1386458,242
4153-1386666,276
4155-1386458,147
4158-1386452,151
416-1384837,212
4160-1386445,163
4163-1386546,72
4164-1386547,185
4165-1386388,176
4166-1386548,212
4168-1386389,187
4169-1386549,267
417-1384932,265
4170-1386546,285
4171-1386388,191
4172-1386547,296
4173-1386389,225
4174-1386548,288
4177-1386388,277
4178-1386546,280
418-1384962,271
4181-1386547,274
4183-1386388,197
4184-1386711,208
4186-1386587,289
4189-1386656,276
419-1384929,226
4190-1386702,189
4191-1386711,299
4192-1386587,287
4193-1386702,209
4194-1386656,276
4195-1386711,275
4197-1386702,193
4198-1386589,278
420-1384839,190
4200-1386657,286
4203-1386715,241
4204-1386642,187
4205-1386589,289
4206-1386390,155
4207-1386550,307
4208-1386657,283
4209-1386642,235
421-1384895,431
4211-1386551,297
4212-1386719,296
4213-1386390,208
4217-1386643,157
4218-1386550,399
4219-1386657,401
422-1384965,193
4220-1386390,270
4221-1386551,373
4222-1386719,255
4223-1386643,172
4226-1386390,210
4229-1386717,253
423-1384968,274
4230-1386643,230
4232-1386719,216
4234-1386643,140
4235-1386717,295
4237-1386720,202
424-1384838,223
4240-1386650,202
4241-1386705,146
4243-1386718,287
4244-1386720,301
4245-1386705,213
4246-1386650,260
4247-1386718,252
4248-1386705,178
4249-1386720,89
425-1384883,287
4254-1386434,236
4255-1386435,371
4256-1386436,443
4257-1386437,442
4258-1386434,324
4259-1386435,326
426-1384970,270
4260-1386436,296
4261-1386437,294
4262-1386639,281
4263-1386658,318
4264-1386707,409
4265-1386708,365
4266-1386641,296
4267-1386600,299
4268-1386707,287
4269-1386708,313
427-1384973,210
4270-1386672,548
4271-1386602,284
4272-1386645,304
4273-1386709,579
4274-1386710,472
4275-1386665,539
4276-1386438,519
4277-1386647,501
4278-1386709,256
4279-1386710,515
428-1384840,256
4281-1386438,297
4282-1386647,288
4283-1386659,286
4284-1386611,291
4285-1386668,295
4286-1386557,416
429-1384887,257
4290-1386465,24
4291-1386466,25
4292-1386467,18
4294-1386469,45
4295-1386470,95
4296-1386471,125
4297-1386472,171
4298-1386465,148
4299-1386466,195
430-1384962,191
4300-1386467,187
4302-1386469,190
4303-1386470,171
4304-1386471,169
4305-1386472,199
4306-1386465,220
4307-1386466,218
4308-1386467,204
431-1384929,202
4310-1386469,207
4311-1386470,204
4312-1386471,182
4313-1386472,180
4315-1386465,178
4316-1386607,152
4318-1386467,176
4319-1386593,182
432-1384839,244
4321-1386469,199
4324-1386472,162
4326-1386607,175
4328-1386469,156
4329-1386472,104
433-1384893,240
4331-1386724,165
4333-1386722,157
4335-1386568,136
4336-1386724,158
4337-1386722,169
4338-1386568,145
4339-1386724,180
434-1384978,230
4340-1386722,143
4341-1386568,145
4342-1386724,185
4344-1386723,129
4346-1386569,180
4348-1386473,173
4349-1386725,143
435-1384968,187
4351-1386723,192
4352-1386475,165
4353-1386476,135
4354-1386569,210
4355-1386477,137
4356-1386473,149
4357-1386725,166
436-1384841,236
4360-1386700,153
4361-1386478,143
4362-1386475,129
4363-1386476,124
4364-1386569,199
4365-1386477,170
4366-1386473,185
4367-1386725,208
4369-1386700,238
437-1384926,310
4370-1386478,215
4371-1386475,133
4372-1386476,176
4373-1386569,195
4375-1386477,137
4376-1386695,172
4378-1386725,230
438-1384970,152
4381-1386700,192
4383-1386478,196
4386-1386727,99
4388-1386695,131
439-1384840,223
4392-1386727,100
4393-1386695,167
4395-1386727,129
4397-1386577,139
4399-1386580,163
440-1384975,196
4401-1386586,136
4402-1386577,172
4403-1386580,157
4404-1386586,128
4405-1386577,164
4406-1386580,144
441-1384875,376
4410-1386504,26
4411-1386507,25
4412-1386510,35
4414-1386516,85
4415-1386521,135
4416-1386528,163
4417-1386529,180
4419-1386606,174
442-1384963,286
4420-1386601,189
4421-1386604,155
4422-1386670,195
4423-1386691,187
4424-1386614,173
4425-1386608,196
4426-1386609,188
4427-1386624,191
4428-1386505,179
4429-1386626,186
443-1384842,269
4430-1386527,183
4432-1386663,204
4433-1386512,210
4434-1386625,190
4435-1386573,174
4437-1386574,184
444-1384967,254
445-1384928,294
446-1384978,198
447-1384969,194
448-1384841,204
449-1384789,361
450-1384974,195
451-1384975,242
452-1384884,412
453-1384843,272
454-1384768,221
455-1384963,248
456-1384905,338
457-1384967,249
458-1384842,229
459-1384875,258
460-1384979,238
461-1384969,197
462-1384930,329
463-1384844,136
464-1384974,230
465-1384976,251
466-1384896,276
467-1384768,149
468-1384843,251
469-1384926,246
470-1384963,75
471-1384967,139
472-1384792,342
474-1384979,199
475-1384969,131
476-1384888,197
477-1384974,138
478-1384958,221
479-1384976,194
480-1384930,575
481-1384873,300
483-1384847,274
484-1384979,192
485-1384792,249
486-1384846,137
487-1384976,207
488-1384914,224
489-1384873,171
490-1384847,191
491-1384930,215
492-1384980,123
493-1384934,383
494-1384981,274
495-1384866,237
497-1384874,197
498-1384879,336
499-1384901,223
500-1384923,308
5008-1382329,38
5009-1382330,46
501-1384904,213
5010-1382201,36
5011-1382332,24
5012-1382333,335
5013-1382150,440
5014-1382252,330
5015-1382253,439
5016-1382335,245
5018-1382337,4
5019-1382151,434
502-1384981,297
5020-1382254,359
5021-1382329,348
5024-1382255,286
5025-1382340,304
5027-1382152,468
5028-1382374,141
5029-1382257,363
503-1384866,158
5031-1382339,358
5032-1382256,314
5033-1382341,242
5035-1382153,371
5037-1382343,304
5039-1382258,292
504-1384911,144
5040-1382358,342
5043-1382335,210
5045-1382259,395
5049-1382337,24
505-1384935,259
5050-1382201,292
5051-1382344,312
5052-1382252,229
5054-1382346,245
5056-1382340,170
5057-1382260,320
506-1384879,126
5061-1382333,343
5063-1382374,282
5064-1382253,272
5065-1382150,331
5068-1382254,260
5069-1382347,339
507-1384916,133
5072-1382357,273
5073-1382151,330
5074-1382343,269
5075-1382257,229
5077-1382255,312
5078-1382256,256
5079-1382380,281
508-1384923,79
5080-1382346,179
5081-1382152,347
5082-1382378,334
5083-1382259,49
5085-1382489,155
5086-1382374,172
5087-1382339,353
5088-1382389,363
5089-1382260,280
509-1384934,88
5090-1382357,171
5091-1382343,173
5092-1382205,379
5093-1382345,340
5094-1382545,276
5095-1382380,187
5096-1382370,303
5097-1382347,349
5098-1382364,266
5099-1382462,323
510-1384981,79
5100-1382540,431
5101-1382368,280
5102-1382360,103
5103-1382518,199
5104-1382506,319
5105-1382366,317
5106-1382541,437
5107-1382416,387
5108-1382548,333
5109-1382382,312
511-1384909,17
5110-1382370,305
5111-1382390,386
5112-1382545,298
5113-1382462,175
5114-1382399,369
5115-1382368,302
5116-1382412,406
5117-1382261,330
5118-1382506,164
5119-1382366,211
512-1384913,40
5120-1382364,353
5121-1382518,101
5122-1382540,389
5123-1382382,171
5124-1382370,222
5125-1382492,307
5126-1382548,296
5127-1382429,116
5128-1382368,154
5129-1382541,401
513-1384935,29
5130-1382417,353
5131-1382546,313
5132-1382403,222
5133-1382367,323
5134-1382210,206
5135-1382375,439
5136-1382262,509
5137-1382148,434
5138-1382404,329
5139-1382486,279
5140-1382372,334
5141-1382216,372
5142-1382212,211
5143-1382387,391
5144-1382430,320
5145-1382519,339
5146-1382220,281
5147-1382400,438
5148-1382263,324
5149-1382369,322
5150-1382392,430
5151-1382214,353
5152-1382211,230
5153-1382403,299
5154-1382264,378
5155-1382349,373
5156-1382224,247
5157-1382542,448
5158-1382547,314
5159-1382324,234
5160-1382215,355
5161-1382348,416
5162-1382367,248
5163-1382208,560
5164-1382213,322
5165-1382352,319
5166-1382210,244
5167-1382546,359
5168-1382219,327
5169-1382381,396
517-1384666,527
5170-1382217,317
5171-1382265,322
5172-1382404,292
5173-1382149,450
5174-1382297,238
5175-1382372,393
5176-1382212,280
5177-1382436,386
5178-1382486,232
5179-1382209,401
518-1384664,318
5180-1382266,387
5181-1382218,241
5182-1382430,127
5184-1382216,269
5186-1382369,213
5187-1382544,377
5188-1382355,369
5189-1382262,236
519-1384665,316
5190-1382220,243
5191-1382214,270
5192-1382403,202
5193-1382359,539
5194-1382324,181
5195-1382395,373
5196-1382349,286
5197-1382413,355
5198-1382215,255
520-1384757,455
5200-1382352,414
5201-1382264,265
5202-1382547,285
5203-1382543,348
5204-1382404,174
5205-1382392,325
5206-1382219,203
5207-1382372,175
5208-1382211,225
5209-1382369,190
521-1384758,301
5210-1382488,361
5211-1382208,313
5212-1382383,331
5213-1382266,273
5214-1382349,174
5215-1382432,309
5216-1382359,245
5217-1382209,330
5218-1382352,170
5219-1382386,326
522-1384759,368
5220-1382431,275
5221-1382377,330
5222-1382396,406
5223-1382488,251
5224-1382394,331
5225-1382415,131
5226-1382549,334
5227-1382408,398
5228-1382406,335
523-1384819,370
5230-1382410,352
5231-1382278,237
5232-1382407,366
5233-1382396,320
5234-1382409,305
5235-1382549,188
5236-1382408,94
5237-1382406,126
5238-1382433,120
5239-1382407,22
524-1384757,374
5240-1382409,43
525-1384682,376
526-1384760,384
527-1384746,385
528-1384745,256
529-1384743,442
530-1384747,524
531-1384752,404
532-1384750,357
533-1384748,296
534-1384687,356
535-1384899,331
536-1384800,359
537-1384753,274
538-1384751,270
539-1384850,113
540-1384852,43
541-1384853,68
542-1384854,190
543-1384850,318
544-1384855,260
545-1384856,288
546-1384857,302
547-1384852,330
548-1384854,321
549-1384850,268
550-1384856,317
551-1384852,319
552-1384854,272
553-1385004,260
554-1384856,264
555-1385007,355
556-1385013,225
557-1385006,368
558-1385007,298
559-1385013,216
561-1384860,274
562-1384994,362
563-1385012,237
565-1384859,376
566-1384903,381
568-1384861,305
570-1385001,320
5708-1382107,175
5709-1382108,281
5711-1382279,351
5712-1382107,355
5713-1382108,344
5714-1382109,336
5715-1382110,274
572-1385003,279
5720-1382287,48
5721-1382289,75
5722-1382293,238
5723-1382299,372
5724-1382303,409
5725-1382287,426
5726-1382309,418
5727-1382289,417
5728-1382314,456
5729-1382293,535
573-1385015,257
5731-1382285,506
5732-1382299,491
5734-1382303,417
5735-1382279,442
5737-1382309,374
5738-1382314,342
574-1384864,206
5740-1382418,402
5744-1382362,399
5747-1382464,356
5749-1382483,367
575-1385016,280
5751-1382468,369
5752-1382470,371
5754-1382418,384
5755-1382471,338
5756-1382362,379
5758-1382464,397
5760-1382466,302
5762-1382469,388
5764-1382473,355
5765-1382463,389
5767-1382535,370
5769-1382295,392
577-1385016,256
5770-1382363,379
5772-1382322,389
5773-1382455,383
5774-1382466,437
5775-1382469,446
5776-1382281,431
5777-1382473,467
5779-1382463,310
578-1384865,56
5780-1382295,390
5782-1382322,470
5785-1382467,355
5787-1382281,350
5791-1382474,286
5793-1382475,346
5794-1382467,315
5796-1382476,314
5797-1382474,484
5798-1382475,319
580-1384851,227
5800-1382472,286
5802-1382479,291
5804-1382477,255
5806-1382472,77
5807-1382479,32
581-1384853,334
5811-1382132,52
5812-1382133,154
5813-1382134,374
5814-1382135,343
5815-1382236,394
5816-1382132,351
5817-1382133,375
5818-1382156,354
5819-1382134,316
582-1384858,296
5820-1382135,397
5821-1382132,321
5823-1382156,346
5824-1382135,127
5825-1382132,317
5826-1382156,322
5827-1382135,329
5828-1382132,326
5829-1382156,293
583-1384851,280
5830-1382181,286
5831-1382135,353
5832-1382132,355
5834-1382156,1
5835-1382206,358
5837-1382207,296
5840-1382156,297
5841-1382207,329
5842-1382156,279
5843-1382207,236
5844-1382156,157
5847-1382128,102
5848-1382124,242
5849-1382285,305
585-1384855,269
5850-1382123,318
5851-1382202,334
5852-1382126,332
5860-1382116,106
5861-1382117,135
5862-1382116,159
5864-1382117,171
5867-1382118,157
5868-1382119,210
5869-1382118,201
587-1384858,304
5870-1382119,184
5871-1382118,78
5872-1382350,32
5873-1382109,37
5874-1382110,24
5876-1382111,40
5877-1382336,8
5879-1382140,29
588-1385005,311
5880-1382331,270
5881-1382132,396
5882-1382141,181
5883-1382334,377
5884-1382107,317
5885-1382133,387
5886-1382142,243
5887-1382338,259
5888-1382108,391
5889-1382134,433
589-1385011,312
5890-1382140,208
5891-1382330,414
5893-1382135,327
5895-1382195,225
5898-1382345,437
5899-1382235,343
590-1385009,306
5900-1382132,470
5902-1382142,197
5905-1382334,311
5906-1382186,209
5907-1382156,453
591-1385004,259
5910-1382312,184
5911-1382134,300
5912-1382147,414
5913-1382235,191
5914-1382135,419
5915-1382371,218
5916-1382344,448
5917-1382132,461
5918-1382420,343
5919-1382156,497
592-1385005,313
5920-1382411,349
5921-1382371,220
5922-1382135,515
5923-1382379,497
5924-1382420,284
5925-1382132,515
5926-1382371,211
5927-1382427,425
5928-1382156,397
5929-1382420,230
593-1385011,319
5930-1382135,487
5931-1382361,415
5932-1382424,231
5933-1382132,562
5934-1382143,276
5935-1382413,546
5936-1382156,562
5937-1382425,296
5938-1382350,501
5939-1382181,444
594-1385009,309
5940-1382109,419
5941-1382365,156
5942-1382204,10
5943-1382206,483
5944-1382110,524
5945-1382223,275
5946-1382353,397
5947-1382135,451
5948-1382351,462
5949-1382143,306
595-1384859,284
5950-1382111,394
5952-1382336,525
5953-1382112,536
5954-1382425,264
5955-1382132,822
5956-1382354,311
5957-1382204,345
5958-1382156,546
5959-1382377,469
596-1384902,272
5960-1382109,390
5961-1382223,217
5962-1382350,391
5963-1382206,270
5964-1382110,325
5965-1382305,411
5966-1382319,201
5967-1382207,408
5968-1382490,389
5969-1382421,214
597-1384861,295
5970-1382156,454
5972-1382405,221
5973-1382207,438
5974-1382187,208
5975-1382422,318
5976-1382156,453
5977-1382229,178
5978-1382459,267
5979-1382207,251
598-1385008,58
5980-1382156,70
5981-1382104,38
5982-1382118,35
5983-1382105,35
5985-1382119,33
5986-1382115,50
5987-1382083,28
5989-1382145,27
599-1384862,315
5990-1382144,31
5991-1382159,68
5992-1382127,197
5993-1382120,246
5994-1382203,233
5995-1382323,263
5996-1382127,128
5997-1382124,84
5998-1382120,312
5999-1382269,147
600-1385014,261
6000-1382270,28
6001-1382271,48
6002-1382272,95
6003-1382273,209
6005-1382275,237
6006-1382274,176
6007-1382497,283
6008-1382271,375
6009-1382272,295
601-1384872,323
6010-1382273,332
6011-1382274,280
6012-1382275,301
6013-1382497,283
6015-1382271,302
6016-1382504,242
6017-1382273,321
6019-1382274,253
602-1384860,446
6021-1382524,337
6023-1382440,225
6024-1382526,331
6026-1382504,262
6028-1382442,332
6029-1382448,292
603-1384995,334
6030-1382524,355
6031-1382440,303
6033-1382526,347
6034-1382520,274
6035-1382442,310
6036-1382448,297
6038-1382525,373
6040-1382441,278
6042-1382527,343
6043-1382520,301
6045-1382443,618
6047-1382449,256
6048-1382525,321
6049-1382441,293
6050-1382326,313
6053-1382327,327
6054-1382521,396
6057-1382328,349
6058-1382529,352
6060-1382441,401
6061-1382326,446
6062-1382327,322
6063-1382521,288
6064-1382328,225
6066-1382529,302
6068-1382336,128
6069-1382528,296
607-1385014,277
6071-1382327,230
6072-1382286,314
6074-1382328,275
6075-1382336,273
6077-1382528,266
6078-1382523,283
6081-1382508,256
6083-1382277,324
6085-1382522,270
6086-1382523,309
6087-1382508,161
6088-1382277,227
6089-1382522,143
609-1384903,295
6095-1382121,235
6096-1382122,200
6098-1382121,172
6099-1382122,191
6101-1382121,149
6102-1382122,151
6103-1382121,243
6105-1382121,224
6107-1382116,184
6108-1382117,182
6109-1382131,195
6110-1382118,128
6111-1382119,94
6112-1382118,121
6113-1382119,31
6115-1382116,228
6116-1382117,202
6117-1382116,252
6118-1382117,155
612-1384863,258
6121-1382270,26
6122-1382271,230
6123-1382272,298
6124-1382136,289
6125-1382273,278
6126-1382086,387
6127-1382274,290
6128-1382137,419
613-1385017,260
6130-1382275,329
6131-1382138,271
6132-1382497,326
6134-1382271,251
6136-1382272,207
6137-1382154,348
6138-1382273,296
6139-1382136,297
614-1384863,285
6140-1382274,337
6141-1382275,237
6142-1382173,245
6143-1382497,166
6144-1382271,212
6145-1382504,292
6146-1382273,245
6147-1382274,261
6148-1382524,270
6149-1382440,327
615-1385017,208
6150-1382526,297
6151-1382504,183
6152-1382442,318
6153-1382448,274
6154-1382524,246
6155-1382440,202
6156-1382526,410
6157-1382520,299
6158-1382442,254
6159-1382448,209
6160-1382525,293
6161-1382441,321
6162-1382527,348
6163-1382520,318
6165-1382104,477
6166-1382449,342
6167-1382525,375
6168-1382105,479
617-1385000,60
6170-1382441,281
6171-1382113,386
6172-1382326,336
6173-1382182,359
6174-1382115,465
6175-1382083,297
6176-1382491,306
6177-1382327,285
6178-1382085,327
6179-1382521,374
6180-1382179,305
6181-1382145,365
6182-1382144,340
6183-1382328,304
6184-1382178,244
6185-1382159,434
6186-1382529,328
6187-1382104,321
6188-1382175,311
6189-1382441,178
6190-1382326,232
6191-1382105,389
6192-1382160,273
6193-1382327,351
6194-1382521,248
6195-1382176,305
6196-1382328,343
6197-1382529,226
6198-1382336,120
6199-1382528,236
620-1384814,221
6200-1382327,85
6201-1382286,220
6202-1382328,132
6203-1382336,180
6204-1382528,127
6205-1382523,209
6207-1382277,230
6208-1382522,460
6209-1382523,133
6210-1382508,118
6211-1382277,106
6212-1382522,21
6213-1382118,102
6214-1382119,85
6215-1382118,75
6216-1382206,117
6218-1382201,66
6219-1382150,67
622-1384342,131
6220-1382151,206
6221-1382152,289
6222-1382153,402
6223-1382147,354
6224-1382201,467
6225-1382205,439
6226-1382150,472
6227-1382151,405
6229-1382152,467
623-1384811,519
6230-1382339,410
6232-1382205,311
6235-1382540,443
6237-1382541,419
624-1384343,181
6240-1382399,439
6241-1382540,468
6242-1382541,454
6243-1382148,481
6245-1382400,453
6247-1382542,438
6248-1382149,422
625-1384648,216
6250-1382544,567
6252-1382395,420
6254-1382543,495
6257-1382208,427
6259-1382209,374
6262-1382396,385
6264-1382408,385
6266-1382410,407
6267-1382396,400
6268-1382408,393
627-1384817,537
6272-1382252,49
6273-1382253,117
6274-1382254,205
6275-1382255,263
6276-1382256,384
6277-1382257,351
6278-1382258,386
6279-1382259,366
628-1384345,166
6280-1382252,406
6281-1382260,394
6283-1382253,414
6284-1382254,351
6285-1382257,402
6286-1382256,380
6288-1382259,301
6290-1382260,374
6293-1382545,340
6296-1382364,342
6298-1382518,202
630-1384816,361
6300-1382548,381
6301-1382545,376
6303-1382261,397
6304-1382518,190
6305-1382548,390
6307-1382546,319
6309-1382262,359
631-1384815,556
6310-1382486,370
6312-1382519,381
6313-1382263,444
6315-1382264,399
6316-1382547,364
6317-1382546,439
6318-1382265,383
6319-1382266,447
632-1384342,180
6321-1382356,235
6322-1382262,511
6325-1382359,503
6326-1382264,401
6327-1382547,369
633-1384648,206
6330-1382488,306
6332-1382266,329
6335-1382359,351
6337-1382431,312
6338-1382488,313
6340-1382549,362
6343-1382278,319
6345-1382549,358
6348-1382129,209
6349-1382129,205
6350-1382129,192
6351-1382129,189
6352-1382434,205
6354-1382434,197
6355-1382434,194
6356-1382434,201
6357-1382435,225
6359-1382435,196
6360-1382435,192
6361-1382435,145
6363-1382437,212
6364-1382437,206
637-1384343,447
6377-1382288,51
6378-1382290,118
6379-1382291,32
638-1384813,384
6380-1382294,157
6381-1382296,280
6382-1382300,363
6383-1382301,208
6384-1382304,178
6385-1382306,351
6386-1382307,214
6387-1382288,339
6388-1382291,158
6389-1382128,208
6390-1382311,173
6391-1382312,213
6392-1382294,152
6393-1382290,358
6394-1382146,220
6395-1382301,194
6396-1382315,363
6397-1382304,192
6398-1382157,224
6399-1382296,414
6400-1382307,171
6401-1382325,217
6402-1382158,167
6403-1382284,334
6404-1382128,185
6405-1382203,180
6406-1382300,452
6407-1382294,174
6408-1382146,179
6409-1382306,457
6411-1382301,197
6412-1382310,177
6413-1382342,206
6414-1382157,182
6415-1382325,174
6416-1382311,60
6419-1382438,333
642-1384345,165
6420-1382203,300
6422-1382446,277
6424-1382157,155
6427-1382426,191
643-1384648,95
6430-1382450,332
6431-1382393,178
6433-1382453,362
6435-1382537,156
6436-1382444,340
6437-1382438,323
6438-1382393,153
6439-1382446,349
644-1384811,304
6440-1382537,163
6441-1382426,351
6442-1382450,370
6443-1382393,173
6444-1382453,300
6445-1382537,141
6446-1382444,345
6448-1382439,364
6449-1382393,165
6451-1382447,372
6454-1382308,157
6455-1382452,371
6457-1382458,213
6458-1382313,348
6460-1382451,396
6461-1382373,161
6462-1382454,397
6464-1382308,168
6465-1382445,365
6466-1382302,386
6467-1382458,197
6468-1382439,351
6469-1382447,168
647-1384344,182
6470-1382373,365
6471-1382321,160
6472-1382308,403
6474-1382452,368
6476-1382527,160
6477-1382313,954
648-1384816,364
6480-1382317,184
6483-1382512,430
6484-1382320,170
6486-1382321,224
6488-1382280,180
649-1384815,366
6491-1382282,416
6492-1382286,184
6495-1382527,155
6498-1382292,170
650-1384344,238
6500-1382456,384
6502-1382320,168
6505-1382321,285
6507-1382286,163
6509-1382460,319
6511-1382388,148
6512-1382282,356
6513-1382298,143
6514-1382456,306
6516-1382388,150
6517-1382538,287
6518-1382298,135
6519-1382460,269
652-1384344,246
6521-1382388,363
6523-1382298,269
6525-1382538,271
6527-1382461,249
653-1384809,544
6531-1382248,522
6532-1382114,634
6533-1382283,661
6534-1382291,250
6535-1382294,257
6536-1382301,249
6537-1382304,215
6538-1382307,261
654-1384344,179
6540-1382128,212
6542-1382294,244
6543-1382146,239
6544-1382301,219
6546-1382157,246
6548-1382325,229
655-1384808,399
6551-1382203,258
6556-1382157,203
6557-1382325,151
656-1384338,221
6560-1382393,169
6561-1382537,203
6562-1382393,167
6563-1382537,193
6564-1382393,183
6565-1382537,160
6567-1382308,229
6568-1382458,227
6569-1382373,259
657-1384807,380
6570-1382308,210
6571-1382458,181
6573-1382321,281
6574-1382527,287
6575-1382317,189
6576-1382320,297
6577-1382321,246
6578-1382280,176
6579-1382286,281
658-1384338,231
6582-1382320,175
6584-1382388,238
6585-1382298,222
6586-1382388,251
6587-1382298,263
6588-1382210,44
6589-1382216,60
659-1384806,441
6590-1382212,59
6591-1382220,64
6592-1382214,89
6593-1382211,64
6594-1382224,55
6595-1382324,70
6596-1382215,51
6597-1382208,31
6598-1382213,88
6599-1382210,114
660-1384338,204
6600-1382219,55
6601-1382217,53
6602-1382297,49
6603-1382212,76
6604-1382486,50
6605-1382209,163
6606-1382218,149
6607-1382216,5
6609-1382220,113
661-1384805,418
6610-1382214,122
6611-1382324,136
6612-1382215,59
6615-1382211,80
6616-1382164,394
6617-1382287,80
6618-1382165,270
6619-1382288,253
662-1384825,260
6620-1382195,486
6621-1382289,304
6622-1382166,389
6623-1382290,334
6624-1382190,226
6625-1382293,267
6626-1382167,392
6627-1382296,314
6628-1382186,230
6629-1382299,389
663-1384339,228
6630-1382168,411
6631-1382300,348
6632-1382197,339
6633-1382303,418
6634-1382169,408
6635-1382306,386
6637-1382287,308
6638-1382164,391
6639-1382288,388
664-1384869,401
6640-1382191,281
6641-1382309,474
6642-1382170,310
6643-1382311,415
6644-1382141,246
6645-1382289,287
6646-1382165,348
6647-1382290,355
6648-1382196,281
6649-1382314,349
665-1384826,302
6650-1382171,377
6651-1382315,259
6652-1382190,283
6653-1382293,150
6654-1382166,379
6655-1382296,315
6656-1382291,275
6658-1382172,305
6659-1382284,269
666-1384804,568
6661-1382285,268
6663-1382167,334
6664-1382300,301
6665-1382197,299
6666-1382299,264
6667-1382137,324
6668-1382306,300
6669-1382198,310
667-1384340,209
6670-1382303,297
6671-1382168,369
6672-1382342,220
6674-1382191,256
6675-1382279,293
6676-1382169,345
6678-1382311,269
6679-1382131,302
668-1384347,166
6681-1382309,335
6682-1382154,390
6683-1382438,370
6685-1382314,329
6686-1382358,387
6687-1382446,407
6688-1382485,378
6689-1382418,418
669-1384827,255
6690-1382171,393
6691-1382426,391
6692-1382376,272
6694-1382173,340
6695-1382450,357
6696-1382500,321
6697-1382362,439
6698-1382391,375
6699-1382453,385
670-1384798,434
6700-1382502,286
6701-1382464,443
6702-1382482,359
6703-1382444,347
6704-1382539,279
6705-1382483,342
6706-1382484,406
6707-1382438,305
6709-1382468,314
671-1384828,289
6710-1382397,372
6711-1382446,302
6712-1382485,276
6713-1382470,309
6714-1382184,376
6715-1382426,256
6716-1382376,260
6717-1382418,274
6718-1382276,398
6719-1382450,277
672-1384338,197
6720-1382500,300
6721-1382471,312
6722-1382181,369
6723-1382453,324
6724-1382502,270
6725-1382362,366
6726-1382182,452
6727-1382444,297
6728-1382507,258
6729-1382464,313
673-1384975,408
6730-1382183,397
6731-1382439,426
6732-1382498,266
6733-1382466,362
6734-1382179,414
6735-1382447,391
6736-1382499,239
6737-1382469,361
6738-1382178,392
674-1384829,563
6740-1382452,438
6741-1382473,486
6742-1382398,451
6743-1382313,354
6744-1382505,327
6745-1382463,332
6746-1382175,409
6747-1382451,348
6748-1382501,303
6749-1382535,402
675-1384803,420
6750-1382419,460
6751-1382454,431
6752-1382503,354
6753-1382295,435
6754-1382160,502
6755-1382445,412
6756-1382507,371
6757-1382363,426
6758-1382180,532
6759-1382302,384
676-1384339,534
6761-1382322,435
6762-1382176,426
6763-1382439,412
6764-1382487,241
6765-1382455,453
6766-1382177,403
6767-1382373,454
6768-1382424,283
6769-1382466,494
677-1384347,113
6770-1382162,502
6771-1382308,451
6772-1382499,349
6773-1382469,471
6774-1382161,501
6775-1382452,287
6776-1382193,399
6777-1382281,447
6778-1382174,393
6779-1382313,395
678-1384805,236
6780-1382505,357
6781-1382473,412
6782-1382163,474
6784-1382501,298
6785-1382463,406
6786-1382457,443
6787-1382512,671
6788-1382503,313
6789-1382295,346
679-1384800,442
6790-1382419,407
6791-1382282,283
6793-1382322,336
6795-1382456,365
6797-1382467,323
6798-1382115,321
6799-1382321,301
680-1384340,185
6800-1382193,283
6801-1382281,312
6802-1382111,346
6803-1382460,433
6804-1382223,243
6805-1382474,370
6806-1382163,344
6807-1382282,303
6808-1382319,247
6809-1382475,388
6810-1382495,424
6811-1382456,332
6812-1382229,278
6813-1382467,272
6814-1382494,318
6815-1382538,469
6816-1382421,246
6817-1382476,305
6818-1382221,440
6819-1382460,340
682-1384790,429
6820-1382428,266
6821-1382474,196
6822-1382222,306
6823-1382388,202
6824-1382405,183
6825-1382475,245
6826-1382493,333
6827-1382298,260
6828-1382200,414
6829-1382472,308
683-1384880,182
6830-1382423,362
6831-1382538,188
6832-1382187,179
6833-1382479,142
6834-1382221,92
6835-1382461,92
6836-1382509,145
6837-1382477,107
6838-1382222,71
6839-1382200,50
684-1384802,539
6840-1382472,22
6843-1382479,25
6844-1382509,8
6845-1382140,35
6846-1382195,259
6847-1382196,92
6848-1382141,91
6849-1382190,172
685-1384347,100
6850-1382142,198
6851-1382186,268
6852-1382106,287
6853-1382197,377
6854-1382140,298
6855-1382198,371
6856-1382191,404
6857-1382195,260
6858-1382141,406
6859-1382235,280
686-1384804,341
6861-1382196,449
6862-1382190,417
6863-1382142,295
6864-1382291,463
6866-1382186,275
6868-1382194,381
687-1384868,475
6870-1382106,375
6871-1382197,449
6872-1382312,311
6874-1382189,319
6876-1382191,423
6879-1382185,314
688-1384882,239
6880-1382131,324
6882-1382192,338
6885-1382155,340
6886-1382371,204
689-1384803,402
6890-1382485,326
6893-1382420,222
6896-1382376,370
6898-1382510,359
6899-1382500,356
690-1384882,210
6901-1382502,390
6903-1382371,269
6905-1382539,360
6906-1382513,333
6908-1382420,238
6909-1382485,366
691-1384802,380
6910-1382376,450
6911-1382510,329
6912-1382371,269
6913-1382500,406
6914-1382502,806
6917-1382420,228
6919-1382513,328
692-1384882,313
6920-1382498,370
6925-1382424,218
6929-1382511,357
693-1384801,344
6930-1382505,385
6933-1382143,220
6934-1382501,361
6935-1382503,844
6936-1382425,245
694-1384717,134
6941-1382514,274
6943-1382487,305
6944-1382424,436
6945-1382223,223
6946-1382499,445
6948-1382143,264
6949-1382193,480
695-1384715,127
6950-1382511,322
6951-1382505,491
6952-1382425,261
6953-1382501,474
6955-1382503,466
6957-1382514,310
6959-1382223,257
696-1384683,344
6965-1382316,138
6967-1382319,263
6968-1382516,301
697-1384718,135
6971-1382193,625
6974-1382223,355
6976-1382421,267
6978-1382515,68
6979-1382319,330
698-1384694,244
6981-1382229,262
6983-1382405,267
6984-1382516,285
6985-1382421,330
6987-1382428,384
6989-1382187,207
699-1384756,238
6990-1382515,258
6991-1382405,366
6993-1382200,245
6995-1382229,254
6996-1382517,232
6998-1382187,145
700-1384692,239
7001-1382509,425
7003-1382200,150
7004-1382517,98
7006-1382509,46
701-1384717,162
7011-1382086,269
7012-1382157,354
7013-1382194,409
7014-1382284,331
7015-1382087,377
7017-1382189,399
7018-1382185,470
7019-1382088,418
7020-1382192,418
7021-1382086,446
7022-1382104,432
7024-1382105,421
703-1384693,233
7033-1382130,201
7034-1382126,267
7035-1382158,303
7036-1382269,302
7037-1382125,341
7038-1382310,301
7039-1382130,366
704-1384755,88
7040-1382248,329
7041-1382125,287
705-1384684,380
7052-1382267,425
7053-1382089,434
7054-1382226,829
7055-1382090,396
7056-1382237,843
7057-1382091,399
7058-1382238,970
7059-1382092,434
706-1384718,130
7060-1382247,827
7061-1382093,436
7062-1382244,887
7063-1382094,437
7064-1382239,23
7065-1382095,436
7066-1382240,870
7067-1382096,580
7068-1382245,872
7069-1382097,443
707-1384685,242
7070-1382243,825
7071-1382098,401
7072-1382241,826
7073-1382099,434
7074-1382227,739
7075-1382100,417
7076-1382242,811
7077-1382249,429
7078-1382246,765
7079-1382101,359
708-1384756,158
7080-1382228,785
7081-1382102,402
7082-1382250,693
7083-1382103,264
7084-1382251,174
7088-1382089,420
7089-1382090,875
709-1384683,189
7091-1382091,682
7093-1382092,896
7095-1382093,787
7097-1382094,855
7099-1382095,841
710-1384686,241
7101-1382096,866
7103-1382097,886
7105-1382098,967
7107-1382099,965
7109-1382100,867
711-1384717,101
7111-1382249,935
7113-1382101,736
7115-1382102,791
7117-1382103,812
7119-1382431,762
712-1384742,308
7121-1382268,596
7123-1382278,352
7127-1382339,247
7129-1382358,374
7131-1382344,246
7132-1382489,278
7133-1382333,359
7134-1382334,343
7135-1382347,261
7136-1382329,330
7138-1382255,354
714-1384687,231
7140-1382147,185
7142-1382378,215
7144-1382389,206
7145-1382344,300
7147-1382345,331
7149-1382347,388
715-1384694,296
7151-1382411,228
7155-1382416,212
7157-1382379,288
7158-1382390,218
716-1384755,106
7161-1382412,201
7163-1382427,260
7164-1382364,371
7167-1382492,238
7169-1382361,273
717-1384747,231
7170-1382417,243
7173-1382375,220
7175-1382413,278
7176-1382387,230
7179-1382392,251
718-1384718,89
7182-1382348,223
7183-1382381,261
7186-1382351,269
7187-1382436,241
7189-1382354,295
719-1384692,230
7190-1382355,339
7192-1382377,239
7193-1382413,406
7195-1382350,348
7196-1382392,395
7199-1382305,266
7202-1382383,203
7205-1382490,244
7206-1382432,206
7209-1382386,212
721-1384693,291
7212-1382377,297
7215-1382394,218
7218-1382415,121
7219-1382406,203
722-1384744,282
7222-1382422,250
7226-1382407,184
7229-1382459,236
723-1384717,96
7230-1382409,185
7233-1382406,296
7235-1382433,25
7236-1382407,97
7237-1382409,33
7239-1382196,240
724-1384684,292
7240-1382106,385
7241-1382155,68
7242-1382106,249
7243-1382155,275
7244-1382510,277
7245-1382513,330
7246-1382510,325
7247-1382513,340
7248-1382511,391
7249-1382514,445
7250-1382511,389
7251-1382514,254
7252-1382516,291
7254-1382516,292
7255-1382515,10
7256-1382517,251
7257-1382517,21
726-1384683,375
7280-1382329,43
7281-1382330,41
7282-1382331,46
7283-1382333,52
7284-1382334,89
7285-1382267,310
7286-1382329,212
7287-1382338,111
7288-1382330,299
7289-1382226,457
729-1384752,277
7290-1382342,320
7291-1382345,255
7292-1382237,471
7293-1382238,451
7294-1382247,271
7295-1382244,482
7296-1382239,528
7297-1382240,464
7298-1382245,443
7299-1382243,482
730-1384742,183
7300-1382241,242
7301-1382227,498
7302-1382242,450
7303-1382246,422
7304-1382228,397
7305-1382250,472
7307-1382101,292
7308-1382129,160
7309-1382129,153
731-1384756,142
7310-1382129,163
7311-1382129,151
7312-1382129,139
7313-1382434,169
7314-1382434,156
7315-1382434,167
7316-1382434,159
7317-1382435,181
7318-1382435,240
7319-1382435,177
732-1384717,209
7320-1382435,157
7321-1382437,149
7323-1382136,198
7324-1382137,330
7325-1382138,305
7326-1382139,360
7327-1382154,404
7328-1382136,439
733-1384694,274
7330-1382173,399
7336-1382182,360
7337-1382491,327
7338-1382179,392
7339-1382178,399
7341-1382175,395
7343-1382160,336
7346-1382176,373
7351-1382164,312
7352-1382165,59
7353-1382166,97
7354-1382167,241
7355-1382168,390
7356-1382169,461
7357-1382164,485
7358-1382170,532
7359-1382165,503
736-1384693,278
7360-1382171,501
7361-1382166,556
7362-1382172,535
7363-1382167,491
7364-1382137,465
7365-1382168,549
7366-1382169,496
7369-1382154,108
7371-1382358,472
7372-1382171,504
7375-1382173,490
7377-1382391,471
7379-1382482,476
738-1384683,117
7382-1382484,489
7384-1382397,493
7386-1382184,478
7388-1382276,486
739-1384832,33
7390-1382181,496
7392-1382182,489
7394-1382183,469
7396-1382179,445
7398-1382178,461
7399-1382398,516
740-1384342,27
7401-1382175,434
7403-1382419,514
7405-1382160,465
7406-1382180,480
7408-1382176,292
741-1384833,65
7410-1382177,479
7411-1382162,518
7413-1382161,492
7415-1382174,489
7416-1382163,448
7418-1382457,542
742-1384343,97
7421-1382419,523
7427-1382115,446
743-1384834,200
7430-1382111,428
7432-1382163,369
7434-1382495,466
7437-1382494,412
7439-1382221,367
744-1384345,171
7441-1382222,108
7443-1382493,376
7445-1382423,317
7446-1382221,293
7447-1382222,262
745-1384342,204
746-1384835,215
7463-1382230,343
7464-1382231,302
7465-1382232,427
7466-1382233,390
7467-1382234,476
7468-1382230,342
7469-1382231,305
747-1384343,194
7470-1382232,347
7471-1382233,389
7472-1382234,341
7473-1382480,334
7474-1382532,426
7475-1382530,354
7476-1382531,326
7477-1382401,348
7478-1382481,608
7479-1382532,320
7480-1382384,413
7481-1382533,434
7482-1382402,485
7483-1382536,429
7484-1382534,433
7485-1382385,457
7486-1382533,374
7487-1382402,272
7488-1382536,340
7489-1382534,344
749-1384345,202
7490-1382385,332
7491-1382478,292
7501-1382230,187
7502-1382231,212
7503-1382232,354
7504-1382233,452
7505-1382234,457
7506-1382230,440
7507-1382231,478
7508-1382232,368
7509-1382233,465
7510-1382234,423
7512-1382480,439
7514-1382532,328
7516-1382530,363
7518-1382531,459
752-1384836,196
7520-1382401,356
7522-1382481,430
7523-1382532,386
7525-1382384,367
7527-1382533,425
7529-1382402,406
7531-1382536,424
7533-1382534,367
7535-1382385,420
7536-1382533,471
7537-1382402,441
7538-1382536,436
7539-1382534,410
754-1384344,211
7540-1382385,459
7542-1382478,250
7548-1382332,38
7549-1382335,122
7550-1382337,57
7552-1382340,249
7553-1382374,13
7554-1382341,236
7555-1382343,294
7556-1382335,251
7557-1382337,93
7558-1382346,286
7559-1382340,252
7560-1382374,250
7561-1382341,268
7562-1382357,258
7564-1382343,239
7566-1382380,238
7568-1382346,220
7569-1382489,265
757-1384837,190
7571-1382374,213
7572-1382357,212
7573-1382343,212
7575-1382380,232
7577-1382370,228
7579-1382462,231
7581-1382368,257
7583-1382506,242
7585-1382366,261
7586-1382382,233
7587-1382370,237
7588-1382462,225
7589-1382368,231
759-1384838,546
7590-1382506,220
7591-1382366,238
7592-1382382,225
7594-1382370,237
7595-1382429,241
7597-1382368,254
7599-1382403,228
7601-1382367,228
7603-1382404,268
7605-1382372,245
7607-1382430,225
7608-1382369,250
7609-1382403,253
761-1384839,211
7610-1382349,235
7611-1382367,231
7612-1382352,298
7613-1382404,250
7614-1382372,234
7615-1382430,350
7616-1382369,370
7617-1382403,287
7619-1382349,314
7620-1382352,236
7621-1382404,252
7623-1382372,263
7624-1382369,235
7626-1382349,215
7629-1382352,220
763-1384840,223
764-1384338,168
7646-1382537,204
7647-1382373,263
7648-1382297,194
7649-1382527,260
7650-1382317,307
7651-1382512,257
7652-1382320,270
7653-1382443,192
7654-1382305,195
7655-1382280,279
7656-1382282,282
7657-1382286,252
7658-1382316,205
7659-1382525,208
7661-1382292,180
7662-1382460,252
7663-1382388,295
7664-1382298,213
767-1384841,208
769-1384842,202
771-1384843,240
772-1384339,278
773-1384340,181
775-1384844,228
776-1384338,502
780-1384340,191
782-1384958,216
783-1384880,162
787-1384868,124
790-1384882,139
793-1384848,19
794-1384848,61
795-1384848,106
796-1384848,127
797-1384848,114
798-1384848,12
799-1384849,114
800-1384849,126
8000-1387220,39
8001-1387134,80
8003-1387136,234
8004-1387196,305
8005-1387220,239
8006-1387197,282
8007-1387137,231
8008-1387138,208
8009-1387134,238
801-1384849,122
8010-1387198,319
8011-1387140,201
8013-1387139,221
8014-1387169,498
8016-1387142,199
8017-1387299,276
8018-1387141,224
802-1384849,68
8020-1387164,215
8022-1387143,231
8023-1387145,154
8024-1387199,217
8025-1387136,409
8026-1387147,169
8028-1387302,269
8029-1387369,381
803-1384849,137
8030-1387168,150
8031-1387220,217
8033-1387148,163
8034-1387200,235
8035-1387137,232
8036-1387250,158
8037-1387196,303
8038-1387138,226
8039-1387140,173
804-1384849,58
8040-1387134,215
8041-1387300,235
8042-1387209,159
8043-1387165,313
8044-1387139,222
8045-1387245,285
8047-1387142,210
8051-1387141,201
8052-1387145,209
8055-1387322,337
8056-1387147,221
8057-1387136,258
8059-1387168,208
8062-1387368,395
8064-1387220,246
8070-1387138,235
8071-1387209,159
8072-1387200,215
8076-1387139,243
8082-1387141,217
8083-1387300,198
8084-1387147,192
8085-1387159,272
8088-1387136,139
8089-1387169,329
8092-1387245,210
8093-1387220,188
8095-1387138,248
8096-1387322,295
8098-1387139,224
8100-1387141,226
8101-1387442,315
8102-1387159,202
8103-1387220,242
8104-1387138,195
8106-1387139,223
8107-1387141,229
8108-1387322,243
8109-1387159,208
8110-1387220,205
8111-1387138,252
8112-1387442,318
8113-1387139,149
8114-1387141,185
8116-1387159,154
8117-1387220,134
8118-1387138,152
8119-1387413,331
8120-1387187,150
8121-1387188,211
8122-1387442,228
8123-1387189,158
8124-1387186,180
8125-1387206,186
8126-1387628,273
8127-1387187,203
8128-1387188,223
8129-1387413,221
8130-1387189,173
8131-1387215,443
8132-1387149,245
8133-1387186,196
8134-1387630,369
8135-1387206,192
8136-1387187,227
8137-1387294,222
8138-1387188,202
8139-1387628,317
8140-1387189,196
8141-1387212,205
8142-1387382,413
8143-1387149,217
8144-1387580,264
8146-1387186,144
8147-1387206,251
8148-1387473,316
8149-1387187,246
8151-1387448,400
8152-1387294,246
8153-1387202,7
8154-1387188,243
8155-1387275,404
8156-1387150,242
8157-1387189,184
8158-1387270,422
8159-1387630,299
816-1384651,198
8160-1387212,254
8161-1387288,428
8162-1387149,240
8163-1387364,414
8164-1387151,436
8166-1387204,313
8167-1387152,251
8168-1387291,20
8169-1387206,265
817-1384649,274
8170-1387628,263
8171-1387153,6
8172-1387187,203
8173-1387215,403
8174-1387504,301
8175-1387205,340
8176-1387294,196
8177-1387289,337
8178-1387154,277
8179-1387201,325
818-1384650,228
8180-1387188,140
8181-1387150,163
8182-1387473,25
8183-1387581,561
8186-1387444,369
8188-1387287,475
8189-1387522,226
819-1384673,68
8190-1387212,237
8191-1387149,312
8193-1387549,307
8194-1387151,447
8195-1387630,183
8197-1387152,163
8198-1387448,302
8199-1387206,174
820-1384674,119
8200-1387275,209
8201-1387382,366
8202-1387153,248
8203-1387504,157
8204-1387270,261
8205-1387204,212
8206-1387154,228
8207-1387581,178
8208-1387522,222
8209-1387205,368
821-1384757,286
8211-1387549,117
8212-1387289,277
8213-1387288,359
8214-1387149,176
8215-1387201,251
8216-1387151,210
8217-1387153,243
8219-1387154,133
822-1384675,131
8220-1387522,229
8221-1387549,221
8222-1387205,334
8223-1387151,209
8224-1387153,266
8225-1387201,226
8226-1387522,229
8227-1387549,231
8228-1387631,332
8229-1387151,233
823-1384676,210
8230-1387153,239
8231-1387205,194
8232-1387522,267
8233-1387549,165
8234-1387201,165
8235-1387151,193
8236-1387153,279
8238-1387522,153
8239-1387151,226
824-1384677,236
8240-1387153,232
8241-1387151,128
8242-1387153,45
8243-1387151,27
8244-1387277,293
8245-1387278,444
8246-1387354,365
8247-1387279,298
8248-1387310,213
8249-1387280,416
825-1384678,231
8250-1387277,171
8251-1387281,426
8252-1387278,318
8253-1387354,296
8254-1387210,251
8255-1387170,322
8256-1387280,348
8257-1387281,575
8258-1387573,444
8259-1387578,353
826-1384679,202
8260-1387449,319
8261-1387582,345
8262-1387573,310
8263-1387577,495
8264-1387450,431
8265-1387458,367
8266-1387587,386
8267-1387574,350
8268-1387283,542
827-1384680,174
8270-1387577,288
8271-1387330,460
8272-1387450,235
8273-1387459,375
8274-1387587,275
8275-1387335,445
8276-1387283,241
8277-1387330,279
8278-1387459,279
8279-1387335,297
828-1384758,382
8280-1387584,422
8281-1387588,343
8282-1387586,452
8283-1387584,214
8284-1387588,138
8285-1387586,46
8286-1387324,1
8289-1387324,139
829-1384681,195
8290-1387325,263
8291-1387326,275
8292-1387324,126
8294-1387327,271
8295-1387324,106
8296-1387325,279
8298-1387425,95
8299-1387326,275
830-1384673,226
8301-1387425,92
8302-1387563,277
8303-1387325,292
8304-1387425,118
8306-1387497,270
8307-1387425,151
8308-1387563,285
831-1384674,455
8311-1387328,134
8312-1387565,281
8313-1387497,276
8314-1387328,110
8315-1387563,288
8316-1387328,136
8317-1387565,331
8319-1387498,279
832-1384759,385
8320-1387328,114
8322-1387564,308
8323-1387328,141
8325-1387567,380
8327-1387594,145
8328-1387498,318
8329-1387564,395
8330-1387594,137
8331-1387567,356
8332-1387594,126
8334-1387568,421
8335-1387594,113
8336-1387564,293
8338-1387567,251
8339-1387595,92
834-1384675,165
8340-1387568,310
8341-1387595,95
8343-1387569,263
8345-1387595,103
8346-1387568,258
8347-1387595,96
8348-1387569,103
8349-1387595,255
835-1384676,215
8351-1387569,135
836-1384677,434
837-1384819,366
839-1384678,237
840-1384679,270
841-1384757,451
842-1384682,421
845-1384760,449
848-1384746,448
850-1384745,519
852-1384743,460
854-1384747,459
856-1384752,518
858-1384750,521
860-1384694,261
861-1384747,197
862-1384748,562
864-1384744,174
872-1384687,481
874-1384694,253
877-1384693,166
881-1384683,159
8828-1387307,219
8829-1387209,327
883-1384899,413
8831-1387247,495
8832-1387156,529
8833-1387157,609
8834-1387158,221
8835-1387185,842
8836-1387244,510
8837-1387277,51
8838-1387278,95
8839-1387354,219
8840-1387279,406
8841-1387310,377
8842-1387277,429
8843-1387278,370
8844-1387354,460
8847-1387170,370
8848-1387280,377
8850-1387281,361
8852-1387573,343
8855-1387578,371
8857-1387449,335
8859-1387582,361
8860-1387573,405
8862-1387577,365
8864-1387450,328
8866-1387458,394
8867-1387587,443
8869-1387574,424
8870-1387283,368
8871-1387577,431
8872-1387450,435
8874-1387459,442
8875-1387587,409
8877-1387335,443
8879-1387283,358
888-1384800,413
8880-1387330,357
8881-1387459,373
8882-1387335,331
8884-1387584,317
8886-1387588,305
8888-1387586,287
8889-1387584,288
8890-1387588,327
8891-1387586,163
890-1384753,437
8901-1387241,528
8902-1387264,477
8903-1387240,910
8905-1387211,491
8906-1387243,582
8907-1387222,441
8908-1387172,424
8909-1387241,355
8910-1387171,84
8911-1387172,202
8912-1387173,410
8913-1387184,287
8914-1387372,84
8915-1387175,497
8916-1387110,380
8917-1387214,613
8918-1387171,451
8919-1387316,369
892-1384751,424
8920-1387172,599
8921-1387173,525
8922-1387175,475
8923-1387172,578
8924-1387173,540
8925-1387175,280
8926-1387172,528
8927-1387173,591
8928-1387175,239
8930-1387176,568
8933-1387173,551
8936-1387317,450
8939-1387176,402
8940-1387173,438
8941-1387317,450
8945-1387197,121
8946-1387299,208
8947-1387302,190
8948-1387280,277
8949-1387245,205
8950-1387281,282
8951-1387322,226
8953-1387204,212
896-1384771,33
8963-1387161,220
8965-1387253,260
8966-1387343,217
8967-1387313,310
8968-1387161,314
8970-1387293,288
8971-1387286,281
8978-1387224,29
8979-1387225,31
898-1384773,107
8980-1387226,31
8981-1387227,31
8982-1387228,32
8983-1387229,75
8984-1387321,97
8985-1387224,133
8986-1387230,153
8987-1387231,242
8988-1387226,198
8989-1387232,248
899-1384774,95
8990-1387234,260
8991-1387235,252
8992-1387228,266
8993-1387236,291
8994-1387321,316
8995-1387230,288
8996-1387237,266
8997-1387231,328
8998-1387232,280
900-1384775,145
9000-1387297,624
9001-1387233,320
9003-1387234,298
9004-1387235,315
9006-1387236,349
901-1384776,190
9011-1387146,274
9013-1387237,284
9015-1387495,276
9018-1387470,245
902-1384777,211
9022-1387463,516
9025-1387492,257
9026-1387467,289
9029-1387476,255
903-1384778,241
9033-1387499,299
9037-1387501,252
9039-1387640,258
904-1384779,223
9040-1387481,230
9041-1387470,271
9042-1387463,254
9044-1387467,276
9045-1387478,404
9046-1387457,267
9048-1387451,291
9049-1387507,250
905-1384780,282
9050-1387481,270
9052-1387470,297
9054-1387464,195
9056-1387494,241
9057-1387467,320
906-1384781,74
9060-1387496,227
9061-1387478,245
9064-1387500,254
9065-1387465,276
9067-1387502,312
9068-1387431,305
907-1384771,225
9073-1387410,296
9074-1387472,606
9076-1387486,275
908-1384782,227
9080-1387490,296
9082-1387465,283
9084-1387433,294
9085-1387509,312
9088-1387410,191
9089-1387472,341
909-1384783,130
9090-1387486,403
9091-1387464,295
9092-1387494,351
9094-1387496,309
9096-1387490,350
9099-1387433,306
910-1384772,242
9101-1387364,368
9104-1387486,250
9106-1387483,220
9108-1387505,229
911-1384784,270
9111-1387487,239
9112-1387506,279
9113-1387433,243
9115-1387364,245
9117-1387483,231
9118-1387505,240
9119-1387487,231
912-1384785,271
9123-1387418,223
9125-1387513,200
9126-1387483,409
9127-1387487,245
9129-1387418,230
913-1384786,252
9130-1387515,242
9133-1387485,338
9134-1387519,226
9138-1387511,158
914-1384774,295
9140-1387420,127
9141-1387485,22
9145-1387420,34
915-1384775,300
9150-1387322,82
9151-1387171,369
9152-1387256,544
9153-1387172,481
9154-1387260,497
9155-1387173,536
9156-1387259,670
9158-1387309,435
9159-1387175,581
916-1384776,251
9160-1387312,387
9163-1387252,502
9166-1387172,400
9168-1387257,488
9169-1387173,535
917-1384777,248
9170-1387259,544
9171-1387175,512
9172-1387296,524
9173-1387172,480
9174-1387260,537
9175-1387173,506
9176-1387261,532
9177-1387175,156
9178-1387263,170
9179-1387252,487
918-1384779,307
9180-1387264,214
9181-1387172,512
9182-1387256,550
9183-1387176,509
9184-1387260,68
9185-1387173,566
9186-1387258,519
9187-1387305,553
9188-1387251,259
9189-1387261,520
919-1384780,255
9190-1387175,515
9191-1387262,669
9192-1387284,483
9193-1387252,220
9194-1387176,442
9195-1387256,827
9196-1387173,467
9197-1387318,591
9198-1387317,511
9199-1387262,201
9200-1387176,403
9201-1387216,300
9202-1387173,380
9204-1387317,381
9206-1387126,48
9207-1387125,168
9208-1387124,298
9209-1387308,349
921-1384782,268
9210-1387233,318
9211-1387210,40
9212-1387123,362
9213-1387122,341
9214-1387121,639
9215-1387126,353
9216-1387159,351
9217-1387207,312
9218-1387125,405
9219-1387124,396
922-1384771,200
9220-1387120,276
9222-1387118,334
9224-1387116,221
923-1384699,317
9237-1387254,62
9238-1387257,231
9239-1387258,395
9240-1387259,445
9241-1387261,243
9242-1387309,515
9243-1387262,554
9244-1387312,580
9245-1387296,507
9246-1387254,540
9247-1387256,456
9248-1387257,562
9249-1387260,472
925-1384785,223
9250-1387258,414
9251-1387259,533
9253-1387261,450
9255-1387262,480
9256-1387296,591
9257-1387252,509
9258-1387256,497
9259-1387260,545
926-1384784,248
9260-1387257,469
9261-1387258,491
9262-1387261,598
9263-1387259,484
9264-1387262,466
9265-1387252,301
9266-1387296,499
9267-1387285,537
9268-1387256,810
9269-1387257,425
927-1384887,254
9270-1387260,599
9271-1387318,528
9272-1387258,594
9273-1387259,616
9274-1387261,593
9275-1387284,560
9276-1387262,857
9277-1387296,737
9279-1387285,616
928-1384893,226
9280-1387256,957
9281-1387216,417
9282-1387260,453
9285-1387318,497
9287-1387218,352
9289-1387262,427
929-1384786,229
9291-1387252,411
9293-1387216,465
9294-1387217,422
9295-1387318,485
930-1384895,206
9302-1387266,320
9303-1387384,307
9304-1387383,365
9306-1387295,334
9307-1387192,351
9308-1387193,285
9309-1387194,336
931-1384898,302
9310-1387423,598
9311-1387245,351
9312-1387385,305
9313-1387424,295
9314-1387269,508
9315-1387270,325
9316-1387426,342
9317-1387267,229
9318-1387269,417
9319-1387272,455
932-1384883,256
9320-1387426,333
9321-1387267,308
9322-1387268,426
9323-1387272,275
9324-1387271,426
9325-1387268,283
9326-1387422,306
9327-1387314,277
9328-1387384,78
9329-1387383,45
933-1384983,263
9331-1387191,459
9332-1387192,464
9333-1387193,463
9334-1387194,436
9335-1387266,397
9336-1387191,359
9337-1387409,380
9338-1387390,530
9339-1387394,462
934-1384946,239
9340-1387398,495
9342-1387403,211
9343-1387390,392
9344-1387394,393
9345-1387398,428
9347-1387403,383
9348-1387634,430
9349-1387395,499
935-1384887,292
9350-1387399,455
9351-1387402,588
9352-1387404,559
9353-1387414,515
9354-1387395,424
9355-1387408,444
9356-1387402,419
9357-1387404,389
9358-1387414,352
9359-1387412,516
936-1384932,278
9360-1387408,431
9361-1387289,198
9362-1387386,392
9363-1387271,341
9364-1387412,389
9365-1387417,351
9366-1387557,167
9367-1387460,80
9368-1387324,21
9369-1387324,196
937-1384893,277
9370-1387324,144
9371-1387324,117
9372-1387425,161
9373-1387425,152
9374-1387425,140
9375-1387425,117
9376-1387328,171
9377-1387328,189
9378-1387328,170
9379-1387328,186
938-1384890,358
9380-1387328,127
9381-1387594,149
9382-1387594,166
9383-1387594,175
9385-1387595,170
9386-1387595,172
9387-1387595,164
9388-1387595,219
9389-1387569,128
939-1384895,245
9390-1387569,62
9391-1387296,342
9395-1387253,251
9396-1387252,525
9398-1387199,88
9399-1387401,282
940-1384898,211
9401-1387439,299
9402-1387428,177
9403-1387396,195
9405-1387415,175
9406-1387325,356
9407-1387326,367
9408-1387327,281
9409-1387325,328
941-1384883,322
9410-1387326,245
9411-1387563,296
9412-1387325,303
9413-1387497,352
9414-1387563,286
9415-1387565,276
9416-1387497,292
9417-1387563,288
9418-1387565,301
9419-1387498,346
942-1384983,239
9420-1387564,323
9421-1387567,312
9422-1387498,271
9423-1387564,309
9424-1387567,284
9425-1387568,23
9426-1387564,271
9427-1387567,250
9428-1387568,295
9429-1387569,414
943-1384946,616
9430-1387568,247
9431-1387595,222
9433-1387306,19
9434-1387297,22
9435-1387370,171
9436-1387453,177
9437-1387533,208
9438-1387596,176
9439-1387540,174
944-1384887,272
9440-1387583,183
9441-1387303,198
9442-1387348,186
9443-1387641,196
9444-1387320,194
9445-1387638,140
9446-1387352,183
9447-1387304,225
9448-1387528,221
9449-1387581,200
9450-1387549,215
9451-1387363,162
9452-1387329,150
9453-1387529,282
9454-1387516,186
9456-1387432,193
9457-1387560,159
9458-1387375,27
9459-1387182,158
946-1384893,275
9460-1387377,286
9461-1387254,389
9462-1387351,212
9463-1387181,297
9464-1387257,581
9465-1387331,281
9467-1387178,308
9468-1387341,230
9469-1387258,624
947-1384890,289
9470-1387248,324
9471-1387332,392
9472-1387261,528
9474-1387377,293
9476-1387182,317
9477-1387380,379
9478-1387262,572
948-1384895,230
9481-1387331,325
9482-1387181,319
9483-1387296,506
9485-1387183,243
9487-1387178,291
9488-1387130,261
9489-1387256,518
949-1384926,250
9490-1387332,288
9492-1387260,455
9493-1387128,246
9494-1387380,255
9495-1387258,437
9496-1387331,248
9497-1387261,526
9498-1387389,299
950-1384884,199
9500-1387262,549
9501-1387617,406
9502-1387252,467
9503-1387435,267
9504-1387575,390
9505-1387256,557
9506-1387621,390
9507-1387257,552
9508-1387503,323
951-1384875,269
9510-1387258,580
9511-1387617,277
9512-1387259,525
9513-1387544,282
9514-1387575,351
9515-1387262,584
9516-1387621,308
9517-1387296,519
9518-1387613,315
9519-1387475,294
952-1384905,271
9520-1387285,642
9521-1387249,353
9522-1387618,380
9524-1387216,633
9525-1387397,337
9526-1387349,330
9527-1387576,401
9528-1387318,699
9529-1387257,378
953-1384888,231
9531-1387624,380
9532-1387259,603
9533-1387635,322
9534-1387350,246
9535-1387319,327
9536-1387528,359
9537-1387477,428
9539-1387218,728
954-1384928,204
9540-1387242,185
9541-1387317,483
9542-1387488,383
9543-1387249,358
9544-1387296,378
9545-1387416,310
9546-1387251,315
9547-1387576,298
9548-1387349,332
955-1384788,231
9550-1387363,453
9551-1387624,367
9553-1387216,429
9554-1387535,276
9555-1387477,238
9557-1387217,607
9558-1387488,252
9559-1387614,234
956-1384894,252
9562-1387535,227
9563-1387491,244
9564-1387252,361
9566-1387625,217
9567-1387217,365
9568-1387512,196
9569-1387381,201
957-1384892,245
9571-1387334,148
9572-1387513,86
9573-1387626,69
9575-1387351,278
9576-1387341,210
9577-1387377,175
9578-1387183,199
9579-1387128,198
958-1384896,268
9580-1387389,206
9581-1387435,239
9582-1387503,139
9583-1387544,212
9584-1387613,192
9585-1387641,264
9587-1387352,218
9588-1387356,234
9589-1387358,220
959-1384789,311
9590-1387574,201
9592-1387477,192
9593-1387614,182
9594-1387491,210
9595-1387625,304
9596-1387381,185
9597-1387375,42
9598-1387377,40
9599-1387351,97
960-1384790,204
9600-1387331,241
9601-1387341,282
9602-1387332,269
9603-1387377,331
9604-1387380,304
9605-1387331,383
9606-1387183,340
9607-1387130,362
9608-1387332,319
9609-1387128,320
961-1384926,286
9610-1387380,255
9611-1387331,314
9613-1387389,271
9616-1387617,306
9618-1387435,295
962-1384884,243
9620-1387575,285
9621-1387621,300
9622-1387503,343
9624-1387617,334
9625-1387544,303
9626-1387575,340
9627-1387621,326
9629-1387613,293
963-1384791,256
9631-1387475,6
9632-1387618,350
9634-1387397,292
9636-1387576,341
9637-1387624,344
9638-1387350,325
964-1384792,247
9640-1387477,301
9642-1387488,324
9644-1387416,303
9645-1387576,447
9647-1387624,355
9648-1387535,282
9649-1387477,249
965-1384905,251
9651-1387488,288
9654-1387614,251
9655-1387535,248
9657-1387491,264
966-1384876,272
9660-1387625,235
9661-1387512,230
9663-1387381,220
9664-1387334,231
9666-1387513,180
9667-1387626,78
967-1384875,263
9674-1387216,4
9675-1387305,50
9677-1387218,38
9679-1387363,30
968-1384888,278
9680-1387217,27
9682-1387338,225
9683-1387360,28
9684-1387110,137
9685-1387521,68
9686-1387195,75
9688-1387521,114
9689-1387541,218
969-1384788,266
9690-1387342,110
9691-1387461,160
9695-1387547,149
9696-1387547,179
9697-1387547,77
9698-1387517,12
9699-1387421,69
970-1384930,299
9701-1387520,23
9703-1387361,162
9704-1387360,206
9705-1387376,288
9706-1387379,329
9707-1387466,348
9708-1387337,326
9709-1387346,329
971-1384914,246
9710-1387372,36
9711-1387298,453
9712-1387306,51
9713-1387374,45
9714-1387297,224
9717-1387336,388
9718-1387306,172
9719-1387297,285
972-1384900,286
9720-1387409,250
9721-1387370,238
9722-1387357,410
9724-1387367,223
9725-1387361,362
9726-1387308,222
9727-1387373,217
9728-1387370,228
9729-1387129,211
973-1384896,270
9730-1387343,305
9731-1387313,179
9732-1387353,362
9733-1387453,179
9734-1387214,192
9735-1387637,444
9736-1387244,211
9737-1387632,312
9738-1387165,228
9739-1387199,245
974-1384789,225
9740-1387592,394
9741-1387533,244
9742-1387401,475
9743-1387596,244
9744-1387540,202
9745-1387553,315
9746-1387583,201
9747-1387551,343
9748-1387303,192
9749-1387348,218
975-1384926,273
9750-1387592,293
9751-1387640,231
9752-1387526,247
9753-1387141,221
9754-1387578,270
9755-1387552,340
9756-1387641,164
9757-1387473,282
9758-1387320,246
9759-1387638,94
976-1384791,309
9760-1387585,555
9761-1387352,277
9762-1387600,520
9763-1387304,219
9764-1387528,226
9765-1387522,432
9766-1387581,268
9767-1387320,358
9768-1387549,247
9769-1387363,247
977-1384884,299
9770-1387541,398
9771-1387329,176
9772-1387614,256
9773-1387529,133
9774-1387399,227
9775-1387456,418
9776-1387545,205
9777-1387352,286
9778-1387294,227
9779-1387516,292
978-1384792,252
9780-1387356,291
9782-1387358,378
9783-1387432,179
9784-1387560,195
9785-1387508,277
9786-1387516,255
9787-1387539,284
9788-1387363,151
9789-1387329,228
979-1384905,301
9790-1387218,182
9791-1387609,311
9792-1387516,160
9793-1387421,398
9794-1387554,164
9795-1387626,233
9796-1387262,166
9797-1387548,308
9799-1387434,192
980-1384876,284
9800-1387314,169
9801-1387546,115
9803-1387446,73
9805-1387561,56
9807-1387589,34
9808-1387511,20
981-1384888,245
982-1384788,273
9828-1387126,290
983-1384914,304
9831-1387161,289
9832-1387125,293
9836-1387124,315
984-1384930,254
985-1384900,390
986-1384896,184
987-1384791,188
9872-1387120,414
9873-1387641,221
9874-1387263,329
9875-1387382,19
9877-1387293,291
9879-1387127,328
988-1384789,236
9880-1387345,347
9882-1387118,344
9883-1387238,399
9884-1387286,201
9885-1387622,379
9886-1387257,57
9888-1387219,368
9889-1387116,395
989-1384798,232
9891-1387270,19
9893-1387274,216
9895-1387273,465
9896-1387475,481
9897-1387304,398
9898-1387319,71
990-1384792,258
9900-1387580,277
9901-1387469,403
9902-1387113,340
9903-1387356,165
9904-1387213,408
9906-1387528,56
9907-1387120,376
9908-1387618,251
991-1384876,247
9912-1387263,533
9913-1387292,430
9914-1387317,82
9915-1387358,309
9916-1387293,365
9917-1387345,419
9918-1387287,40
9919-1387397,295
992-1384914,273
9921-1387127,337
9922-1387238,295
9923-1387286,413
9924-1387574,208
9925-1387448,16
9926-1387502,335
9927-1387251,66
9928-1387118,267
9929-1387291,182
993-1384900,219
9930-1387219,463
9932-1387116,292
9934-1387372,18
9935-1387373,17
9936-1387374,38
9937-1387376,50
9939-1387361,15
994-1384930,284
9940-1387379,25
9942-1387367,71
9944-1387466,127
9945-1387336,101
9946-1387360,42
9947-1387373,184
9949-1387337,224
995-1384798,262
9950-1387340,218
9951-1387346,357
9952-1387409,200
9953-1387376,161
9954-1387365,222
9955-1387371,355
9956-1387347,306
9958-1387357,284
9959-1387323,5
996-1384934,262
9960-1387353,271
9961-1387379,145
9963-1387438,279
9964-1387375,288
9965-1387361,307
9966-1387542,378
9968-1387466,131
9969-1387336,276
997-1384911,235
9971-1387338,393
9972-1387373,288
9973-1387340,486
9974-1387351,329
9975-1387337,147
9978-1387195,400
9979-1387365,409
9981-1387343,268
9982-1387123,274
9983-1387347,391
9984-1387346,150
9987-1387371,501
9989-1387357,355
999-1384916,180
9991-1387353,314
9993-1387531,357
9999-1387438,388
